Mix ID,Cement,SF,Sand,NanoSilica,Quartz Powder,Water,Superplasticizer,Fibers,Fly Ash,Slag,MetaK,Lime Powder,Water/Binder Ratio,Curing Type,Curing Temp,Type of Cement,Superplasticizer Base,Fiber Type,Fiber Length,Fiber Diameter,Specimen Type,Testing Age,Compressive Strength
DS2-UHPC-1,450,50,1992,0,0,90,18,0,0,0,0,0,0.18,1,20,1,1,0,0,0,1,28,131
DS2-UHPC-10,450,50,1992,0,0,90,18,0,0,0,0,0,0.18,1,20,1,1,0,0,0,1,56,139
DS2-UHPC-100,426.3,0,1273.4,13.2,175.9,175.8,43.9,195,0,0,0,263.7,0.412385644,1,21,1,1,1,13,0.2,1,3,78.44
DS2-UHPC-101,421.9,0,1273.4,17.6,175.9,175.8,43.9,195,0,0,0,263.7,0.416686419,1,21,1,1,1,13,0.2,1,3,79.69
DS2-UHPC-102,417.5,0,1273.4,22,175.9,175.8,43.9,195,0,0,0,263.7,0.421077844,1,21,1,1,1,13,0.2,1,3,77.82
DS2-UHPC-103,430.7,0,1273.4,8.8,175.9,175.8,43.9,0,0,0,0,263.7,0.408172742,1,21,1,1,0,0,0,1,7,65.98
DS2-UHPC-104,426.3,0,1273.4,13.2,175.9,175.8,43.9,0,0,0,0,263.7,0.412385644,1,21,1,1,0,0,0,1,7,68.82
DS2-UHPC-105,421.9,0,1273.4,17.6,175.9,175.8,43.9,0,0,0,0,263.7,0.416686419,1,21,1,1,0,0,0,1,7,69.13
DS2-UHPC-106,417.5,0,1273.4,22,175.9,175.8,43.9,0,0,0,0,263.7,0.421077844,1,21,1,1,0,0,0,1,7,65.35
DS2-UHPC-107,439.5,0,1273.4,0,175.9,175.8,43.9,195,0,0,0,263.7,0.4,1,21,1,1,1,13,0.2,1,7,90.89
DS2-UHPC-108,435.1,0,1273.4,4.4,175.9,175.8,43.9,195,0,0,0,263.7,0.404045047,1,21,1,1,1,13,0.2,1,7,94.63
DS2-UHPC-109,430.7,0,1273.4,8.8,175.9,175.8,43.9,195,0,0,0,263.7,0.408172742,1,21,1,1,1,13,0.2,1,7,96.5
DS2-UHPC-11,630,70,1788,0,0,126,18,0,0,0,0,0,0.18,1,20,1,1,0,0,0,1,56,146
DS2-UHPC-110,426.3,0,1273.4,13.2,175.9,175.8,43.9,195,0,0,0,263.7,0.412385644,1,21,1,1,1,13,0.2,1,7,100.86
DS2-UHPC-111,421.9,0,1273.4,17.6,175.9,175.8,43.9,195,0,0,0,263.7,0.416686419,1,21,1,1,1,13,0.2,1,7,103.35
DS2-UHPC-112,417.5,0,1273.4,22,175.9,175.8,43.9,195,0,0,0,263.7,0.421077844,1,21,1,1,1,13,0.2,1,7,98.99
DS2-UHPC-113,435.1,0,1273.4,4.4,175.9,175.8,43.9,0,0,0,0,263.7,0.404045047,1,21,1,1,0,0,0,1,28,77.01
DS2-UHPC-114,430.7,0,1273.4,8.8,175.9,175.8,43.9,0,0,0,0,263.7,0.408172742,1,21,1,1,0,0,0,1,28,81.1
DS2-UHPC-115,426.3,0,1273.4,13.2,175.9,175.8,43.9,0,0,0,0,263.7,0.412385644,1,21,1,1,0,0,0,1,28,88.66
DS2-UHPC-116,421.9,0,1273.4,17.6,175.9,175.8,43.9,0,0,0,0,263.7,0.416686419,1,21,1,1,0,0,0,1,28,91.18
DS2-UHPC-117,417.5,0,1273.4,22,175.9,175.8,43.9,0,0,0,0,263.7,0.421077844,1,21,1,1,0,0,0,1,28,86.46
DS2-UHPC-118,439.5,0,1273.4,0,175.9,175.8,43.9,195,0,0,0,263.7,0.4,1,21,1,1,1,13,0.2,1,28,113.93
DS2-UHPC-119,435.1,0,1273.4,4.4,175.9,175.8,43.9,195,0,0,0,263.7,0.404045047,1,21,1,1,1,13,0.2,1,28,120.16
DS2-UHPC-12,810,90,1539,0,0,162,18,0,0,0,0,0,0.18,1,20,1,1,0,0,0,1,56,150
DS2-UHPC-120,430.7,0,1273.4,8.8,175.9,175.8,43.9,195,0,0,0,263.7,0.408172742,1,21,1,1,1,13,0.2,1,28,126.38
DS2-UHPC-121,594.2,0,1282.3,24.8,0,176.9,44.2,0,0,0,0,265.3,0.297711208,1,21,1,1,0,0,0,1,28,98.89
DS2-UHPC-122,594.2,0,1282.3,24.8,0,176.9,44.2,156,0,0,0,265.3,0.297711208,1,21,1,1,1,13,0.2,1,28,139.44
DS2-UHPC-123,594.2,0,1282.3,24.8,0,176.9,44.2,156,0,0,0,265.3,0.297711208,1,21,1,1,1,13,0.2,1,28,141.67
DS2-UHPC-124,594.2,0,1282.3,24.8,0,176.9,44.2,156,0,0,0,265.3,0.297711208,1,21,1,1,1,13,0.2,1,28,129.44
DS2-UHPC-125,594.2,0,1282.3,24.8,0,176.9,44.2,156,0,0,0,265.3,0.297711208,1,21,1,1,1,13,0.2,1,28,124.44
DS2-UHPC-126,594.2,0,1282.3,24.8,0,176.9,44.2,156,0,0,0,265.3,0.297711208,1,21,1,1,1,13,0.2,1,28,120.56
DS2-UHPC-127,594.2,0,1282.3,24.8,0,176.9,44.2,156,0,0,0,265.3,0.297711208,1,21,1,1,1,13,0.2,1,28,129.01
DS2-UHPC-128,594.2,0,1282.3,24.8,0,176.9,44.2,156,0,0,0,265.3,0.297711208,1,21,1,1,1,13,0.2,1,28,132.96
DS2-UHPC-129,594.2,0,1282.3,24.8,0,176.9,44.2,156,0,0,0,265.3,0.297711208,1,21,1,1,1,13,0.2,1,28,129.58
DS2-UHPC-13,810,90,1539,0,0,162,18,0,0,0,0,0,0.18,1,20,1,1,0,0,0,1,56,150
DS2-UHPC-130,594.2,0,1282.3,24.8,0,176.9,44.2,156,0,0,0,265.3,0.297711208,1,21,1,1,1,13,0.2,1,28,136.34
DS2-UHPC-131,594.2,0,1282.3,24.8,0,176.9,44.2,0,0,0,0,265.3,0.297711208,1,21,1,1,0,0,0,1,7,86.11
DS2-UHPC-132,594.2,0,1282.3,24.8,0,176.9,44.2,156,0,0,0,265.3,0.297711208,1,21,1,1,1,13,0.2,1,7,113.89
DS2-UHPC-133,594.2,0,1282.3,24.8,0,176.9,44.2,156,0,0,0,265.3,0.297711208,1,21,1,1,1,13,0.2,1,7,117.22
DS2-UHPC-134,594.2,0,1282.3,24.8,0,176.9,44.2,156,0,0,0,265.3,0.297711208,1,21,1,1,1,13,0.2,1,7,114.44
DS2-UHPC-135,594.2,0,1282.3,24.8,0,176.9,44.2,156,0,0,0,265.3,0.297711208,1,21,1,1,1,13,0.2,1,7,112.22
DS2-UHPC-136,594.2,0,1282.3,24.8,0,176.9,44.2,156,0,0,0,265.3,0.297711208,1,21,1,1,1,13,0.2,1,7,111.11
DS2-UHPC-137,753,188,1129,0,0,180.72,27,0,183,0,0,0,0.19205101,1,20,1,1,0,0,0,1,28,166
DS2-UHPC-138,745,186,1118,0,0,171.35,27,0,181,0,0,0,0.184049409,1,20,1,1,0,0,0,1,28,162
DS2-UHPC-139,778,194,1167,0,0,178.94,28,0,189,0,0,0,0.18409465,1,20,1,1,0,0,0,1,28,181
DS2-UHPC-14,630,90,1539,0,0,162,18,0,0,180,0,0,0.225,1,20,1,1,0,0,0,1,56,141
DS2-UHPC-140,758,190,1138,0,0,166.76,27,0,184,0,0,0,0.175907173,1,20,1,1,0,0,0,1,28,155
DS2-UHPC-141,745,186,1118,0,0,171.35,27,0,181,0,0,0,0.184049409,1,20,1,1,0,0,0,1,28,159
DS2-UHPC-142,890,0,1231,0,0,178,30.2,0,0,0,0,0,0.2,1,21,1,1,0,0,0,1,1,59
DS2-UHPC-143,890,0,1231,0,0,178,30.2,0,0,0,0,0,0.2,1,21,1,1,0,0,0,1,1,70.7
DS2-UHPC-144,845.5,44.5,1231,0,0,178,30.2,0,0,0,0,0,0.2,1,21,1,1,0,0,0,1,1,73.2
DS2-UHPC-145,801,89,1231,0,0,178,30.2,0,0,0,0,0,0.2,1,21,1,1,0,0,0,1,1,75.7
DS2-UHPC-146,756.5,133.5,1231,0,0,178,30.2,0,0,0,0,0,0.2,1,21,1,1,0,0,0,1,1,70.5
DS2-UHPC-147,712,178,1231,0,0,178,30.2,0,0,0,0,0,0.2,1,21,1,1,0,0,0,1,1,62.1
DS2-UHPC-148,845.5,44.5,1231,0,0,178,30.2,0,0,0,0,0,0.2,1,21,1,1,0,0,0,1,1,77.8
DS2-UHPC-149,712,0,1231,0,0,178,30.2,0,178,0,0,0,0.25,1,21,1,1,0,0,0,1,1,53.7
DS2-UHPC-15,450,90,1539,0,0,162,18,0,0,360,0,0,0.3,1,20,1,1,0,0,0,1,56,133
DS2-UHPC-150,667.5,44.5,1231,0,0,178,30.2,0,178,0,0,0,0.25,1,21,1,1,0,0,0,1,1,52.8
DS2-UHPC-151,1009,0,1231,0,0,201.8,34.2,0,0,0,0,0,0.2,1,21,1,1,0,0,0,1,1,72.8
DS2-UHPC-152,1009,0,1231,0,0,201.8,34.2,0,0,0,0,0,0.2,1,21,1,1,0,0,0,1,1,73.2
DS2-UHPC-153,958.55,50.45,1231,0,0,201.8,34.2,0,0,0,0,0,0.2,1,21,1,1,0,0,0,1,1,80.1
DS2-UHPC-154,756.75,50.45,1231,0,0,201.8,34.2,0,201.8,0,0,0,0.25,1,21,1,1,0,0,0,1,1,53.1
DS2-UHPC-155,890,0,1231,0,0,178,30.2,0,0,0,0,0,0.2,1,21,1,1,0,0,0,1,7,95.7
DS2-UHPC-156,890,0,1231,0,0,178,30.2,0,0,0,0,0,0.2,1,21,1,1,0,0,0,1,7,97.4
DS2-UHPC-157,845.5,44.5,1231,0,0,178,30.2,0,0,0,0,0,0.2,1,21,1,1,0,0,0,1,7,105.7
DS2-UHPC-158,801,89,1231,0,0,178,30.2,0,0,0,0,0,0.2,1,21,1,1,0,0,0,1,7,102.6
DS2-UHPC-159,756.5,133.5,1231,0,0,178,30.2,0,0,0,0,0,0.2,1,21,1,1,0,0,0,1,7,96.8
DS2-UHPC-16,630,90,1539,0,0,126,18,0,0,180,0,0,0.175,1,20,1,1,0,0,0,1,56,159
DS2-UHPC-160,712,178,1231,0,0,178,30.2,0,0,0,0,0,0.2,1,21,1,1,0,0,0,1,7,95.9
DS2-UHPC-161,845.5,44.5,1231,0,0,178,30.2,0,0,0,0,0,0.2,1,21,1,1,0,0,0,1,7,106.1
DS2-UHPC-162,712,0,1231,0,0,178,30.2,0,178,0,0,0,0.25,1,21,1,1,0,0,0,1,7,99.2
DS2-UHPC-163,623,0,1231,0,0,178,30.2,0,267,0,0,0,0.285714286,1,21,1,1,0,0,0,1,7,101.2
DS2-UHPC-164,534,0,1231,0,0,178,30.2,0,356,0,0,0,0.333333333,1,21,1,1,0,0,0,1,7,75.8
DS2-UHPC-165,667.5,44.5,1231,0,0,178,30.2,0,178,0,0,0,0.25,1,21,1,1,0,0,0,1,7,92.8
DS2-UHPC-166,1009,0,1231,0,0,201.8,34.2,0,0,0,0,0,0.2,1,21,1,1,0,0,0,1,7,102.8
DS2-UHPC-167,1009,0,1231,0,0,201.8,34.2,0,0,0,0,0,0.2,1,21,1,1,0,0,0,1,7,102.3
DS2-UHPC-168,958.55,50.45,1231,0,0,201.8,34.2,0,0,0,0,0,0.2,1,21,1,1,0,0,0,1,7,102.8
DS2-UHPC-169,756.75,50.45,1231,0,0,201.8,34.2,0,201.8,0,0,0,0.25,1,21,1,1,0,0,0,1,7,101.5
DS2-UHPC-17,630,90,1539,0,0,144,18,0,0,180,0,0,0.2,1,20,1,1,0,0,0,1,56,160
DS2-UHPC-170,890,0,1231,0,0,178,30.2,0,0,0,0,0,0.2,1,21,1,1,0,0,0,1,28,106.3
DS2-UHPC-171,890,0,1231,0,0,178,30.2,0,0,0,0,0,0.2,1,21,1,1,0,0,0,1,28,113.2
DS2-UHPC-172,845.5,44.5,1231,0,0,178,30.2,0,0,0,0,0,0.2,1,21,1,1,0,0,0,1,28,117.2
DS2-UHPC-173,801,89,1231,0,0,178,30.2,0,0,0,0,0,0.2,1,21,1,1,0,0,0,1,28,118.6
DS2-UHPC-174,756.5,133.5,1231,0,0,178,30.2,0,0,0,0,0,0.2,1,21,1,1,0,0,0,1,28,118
DS2-UHPC-175,712,178,1231,0,0,178,30.2,0,0,0,0,0,0.2,1,21,1,1,0,0,0,1,28,111
DS2-UHPC-176,845.5,44.5,1231,0,0,178,30.2,0,0,0,0,0,0.2,1,21,1,1,0,0,0,1,28,116.6
DS2-UHPC-177,712,0,1231,0,0,178,30.2,0,178,0,0,0,0.25,1,21,1,1,0,0,0,1,28,109.9
DS2-UHPC-178,623,0,1231,0,0,178,30.2,0,267,0,0,0,0.285714286,1,21,1,1,0,0,0,1,28,114.8
DS2-UHPC-179,534,0,1231,0,0,178,30.2,0,356,0,0,0,0.333333333,1,21,1,1,0,0,0,1,28,102.6
DS2-UHPC-18,630,90,1539,0,0,162,18,0,0,180,0,0,0.225,1,20,1,1,0,0,0,1,56,141
DS2-UHPC-180,667.5,44.5,1231,0,0,178,30.2,0,178,0,0,0,0.25,1,21,1,1,0,0,0,1,28,112.8
DS2-UHPC-181,1009,0,1231,0,0,201.8,34.2,0,0,0,0,0,0.2,1,21,1,1,0,0,0,1,28,113.8
DS2-UHPC-182,1009,0,1231,0,0,201.8,34.2,0,0,0,0,0,0.2,1,21,1,1,0,0,0,1,28,115.2
DS2-UHPC-183,958.55,50.45,1231,0,0,201.8,34.2,0,0,0,0,0,0.2,1,21,1,1,0,0,0,1,28,115.4
DS2-UHPC-184,756.75,50.45,1231,0,0,201.8,34.2,0,201.8,0,0,0,0.25,1,21,1,1,0,0,0,1,28,114.5
DS2-UHPC-185,1151.11,211.89,1231,0,0,272.6,46.2,0,0,0,0,0,0.2,1,90,1,1,0,0,0,1,28,159.7
DS2-UHPC-186,1151.11,211.89,1231,0,0,272.6,46.2,0,0,0,0,0,0.2,1,90,1,1,0,0,0,1,28,165.8
DS2-UHPC-187,1151.11,211.89,1231,0,0,272.6,46.2,0,0,0,0,0,0.2,1,90,1,1,0,0,0,1,28,163.9
DS2-UHPC-188,1151.11,211.89,1231,0,0,272.6,46.2,234,0,0,0,0,0.2,1,90,1,1,1,13,0.2,1,28,170.6
DS2-UHPC-189,1151.11,211.89,1231,0,0,272.6,46.2,234,0,0,0,0,0.2,1,90,1,1,1,13,0.2,1,28,179
DS2-UHPC-19,630,90,1539,0,0,144,18,0,0,180,0,0,0.2,1,20,1,1,0,0,0,1,56,160
DS2-UHPC-190,1151.11,211.89,1231,0,0,272.6,46.2,234,0,0,0,0,0.2,1,90,1,1,1,13,0.2,1,28,177
DS2-UHPC-191,890,0,1231,0,0,178,30.2,0,0,0,0,0,0.2,1,21,1,1,0,0,0,1,56,108.8
DS2-UHPC-192,890,0,1231,0,0,178,30.2,0,0,0,0,0,0.2,1,21,1,1,0,0,0,1,56,113.8
DS2-UHPC-193,845.5,44.5,1231,0,0,178,30.2,0,0,0,0,0,0.2,1,21,1,1,0,0,0,1,56,120.1
DS2-UHPC-194,801,89,1231,0,0,178,30.2,0,0,0,0,0,0.2,1,21,1,1,0,0,0,1,56,127.4
DS2-UHPC-195,756.5,133.5,1231,0,0,178,30.2,0,0,0,0,0,0.2,1,21,1,1,0,0,0,1,56,120.1
DS2-UHPC-196,712,178,1231,0,0,178,30.2,0,0,0,0,0,0.2,1,21,1,1,0,0,0,1,56,117.2
DS2-UHPC-197,845.5,44.5,1231,0,0,178,30.2,0,0,0,0,0,0.2,1,21,1,1,0,0,0,1,56,124.1
DS2-UHPC-198,712,0,1231,0,0,178,30.2,0,178,0,0,0,0.25,1,21,1,1,0,0,0,1,56,110.3
DS2-UHPC-199,623,0,1231,0,0,178,30.2,0,267,0,0,0,0.285714286,1,21,1,1,0,0,0,1,56,117.2
DS2-UHPC-2,630,70,1788,0,0,126,18,0,0,0,0,0,0.18,1,20,1,1,0,0,0,1,28,135
DS2-UHPC-20,450,90,1539,0,0,144,18,0,0,180,0,180,0.266666667,1,20,1,1,0,0,0,1,56,161
DS2-UHPC-200,534,0,1231,0,0,178,30.2,0,356,0,0,0,0.333333333,1,21,1,1,0,0,0,1,56,110.9
DS2-UHPC-201,667.5,44.5,1231,0,0,178,30.2,0,178,0,0,0,0.25,1,21,1,1,0,0,0,1,56,113.8
DS2-UHPC-202,1009,0,1231,0,0,201.8,34.2,0,0,0,0,0,0.2,1,21,1,1,0,0,0,1,56,126.2
DS2-UHPC-203,1009,0,1231,0,0,201.8,34.2,0,0,0,0,0,0.2,1,21,1,1,0,0,0,1,56,129.3
DS2-UHPC-204,958.55,50.45,1231,0,0,201.8,34.2,0,0,0,0,0,0.2,1,21,1,1,0,0,0,1,56,129
DS2-UHPC-205,756.75,50.45,1231,0,0,201.8,34.2,0,201.8,0,0,0,0.25,1,21,1,1,0,0,0,1,56,131.7
DS2-UHPC-206,890,0,1231,0,0,178,30.2,0,0,0,0,0,0.2,1,21,1,1,0,0,0,1,90,114.1
DS2-UHPC-207,890,0,1231,0,0,178,30.2,0,0,0,0,0,0.2,1,21,1,1,0,0,0,1,90,118.1
DS2-UHPC-208,845.5,44.5,1231,0,0,178,30.2,0,0,0,0,0,0.2,1,21,1,1,0,0,0,1,90,125.4
DS2-UHPC-209,801,89,1231,0,0,178,30.2,0,0,0,0,0,0.2,1,21,1,1,0,0,0,1,90,127.6
DS2-UHPC-21,270,90,1539,0,0,144,18,0,0,180,0,360,0.4,1,20,1,1,0,0,0,1,56,139
DS2-UHPC-210,756.5,133.5,1231,0,0,178,30.2,0,0,0,0,0,0.2,1,21,1,1,0,0,0,1,90,120.9
DS2-UHPC-211,712,178,1231,0,0,178,30.2,0,0,0,0,0,0.2,1,21,1,1,0,0,0,1,90,118.6
DS2-UHPC-212,845.5,44.5,1231,0,0,178,30.2,0,0,0,0,0,0.2,1,21,1,1,0,0,0,1,90,126.2
DS2-UHPC-213,712,0,1231,0,0,178,30.2,0,178,0,0,0,0.25,1,21,1,1,0,0,0,1,90,117.5
DS2-UHPC-214,623,0,1231,0,0,178,30.2,0,267,0,0,0,0.285714286,1,21,1,1,0,0,0,1,90,119.3
DS2-UHPC-215,534,0,1231,0,0,178,30.2,0,356,0,0,0,0.333333333,1,21,1,1,0,0,0,1,90,119.1
DS2-UHPC-216,667.5,44.5,1231,0,0,178,30.2,0,178,0,0,0,0.25,1,21,1,1,0,0,0,1,90,119.7
DS2-UHPC-217,1009,0,1231,0,0,201.8,34.2,0,0,0,0,0,0.2,1,21,1,1,0,0,0,1,90,139.3
DS2-UHPC-218,1009,0,1231,0,0,201.8,34.2,0,0,0,0,0,0.2,1,21,1,1,0,0,0,1,90,149.7
DS2-UHPC-219,958.55,50.45,1231,0,0,201.8,34.2,0,0,0,0,0,0.2,1,21,1,1,0,0,0,1,90,155.2
DS2-UHPC-22,450,50,1992,0,0,90,18,0,0,0,0,0,0.18,1,20,1,1,0,0,0,1,90,151
DS2-UHPC-220,756.75,50.45,1231,0,0,201.8,34.2,0,201.8,0,0,0,0.25,1,21,1,1,0,0,0,1,90,152.1
DS2-UHPC-221,472,262,1049,0,0,178,21,0,0,315,0,0,0.242506812,1,20,1,1,0,0,0,1,7,94.3
DS2-UHPC-222,472,262,1049,0,0,178,21,156,0,315,0,0,0.242506812,1,20,1,1,1,13,0.2,1,7,114.9
DS2-UHPC-223,472,262,1049,0,0,178,21,156,0,315,0,0,0.242506812,1,20,1,1,1,13,0.2,1,7,120.9
DS2-UHPC-224,472,262,1049,0,0,178,21,156,0,315,0,0,0.242506812,1,20,1,1,1,13,0.2,1,7,108.3
DS2-UHPC-225,472,262,1049,0,0,178,21,0,0,315,0,0,0.242506812,1,20,1,1,0,0,0,1,28,97.8
DS2-UHPC-226,472,262,1049,0,0,178,21,156,0,315,0,0,0.242506812,1,20,1,1,1,13,0.2,1,28,134.4
DS2-UHPC-227,472,262,1049,0,0,178,21,156,0,315,0,0,0.242506812,1,20,1,1,1,13,0.2,1,28,143.5
DS2-UHPC-228,472,262,1049,0,0,178,21,156,0,315,0,0,0.242506812,1,20,1,1,1,13,0.2,1,28,127.4
DS2-UHPC-229,472,262,1049,0,0,178,21,156,0,315,0,0,0.242506812,1,20,1,1,1,13,0.2,1,28,122.9
DS2-UHPC-23,630,70,1788,0,0,126,18,0,0,0,0,0,0.18,1,20,1,1,0,0,0,1,90,160
DS2-UHPC-230,472,262,1049,0,0,178,21,156,0,315,0,0,0.242506812,1,20,1,1,1,13,0.2,1,28,120.4
DS2-UHPC-231,850,137.5,1100,0,0,176,8,234,112.5,0,0,0,0.178227848,1,23,1,1,1,13,0.2,1,28,162.1
DS2-UHPC-232,850,137.5,1100,0,0,176,8,234,112.5,0,0,0,0.178227848,1,23,1,1,1,13,0.2,1,28,162.8
DS2-UHPC-233,700,50,1104,0,0,180,30,0,150,0,0,0,0.24,1,20,1,1,0,0,0,1,1,57.9
DS2-UHPC-234,700,50,1104,0,0,180,30,39,150,0,0,0,0.24,1,20,1,1,1,13,0.2,1,1,64.5
DS2-UHPC-235,700,50,1104,0,0,180,30,78,150,0,0,0,0.24,1,20,1,1,1,13,0.2,1,1,73.8
DS2-UHPC-236,700,50,1104,0,0,180,30,117,150,0,0,0,0.24,1,20,1,1,1,13,0.2,1,1,83.2
DS2-UHPC-237,700,50,1104,0,0,180,30,156,150,0,0,0,0.24,1,20,1,1,1,13,0.2,1,1,88.8
DS2-UHPC-238,700,50,1104,0,0,180,30,195,150,0,0,0,0.24,1,20,1,1,1,13,0.2,1,1,89.7
DS2-UHPC-239,700,50,1104,0,0,180,30,0,150,0,0,0,0.24,1,20,1,1,0,0,0,1,7,94.4
DS2-UHPC-24,810,90,1539,0,0,162,18,0,0,0,0,0,0.18,1,20,1,1,0,0,0,1,90,170
DS2-UHPC-240,700,50,1104,0,0,180,30,39,150,0,0,0,0.24,1,20,1,1,1,13,0.2,1,7,96.3
DS2-UHPC-241,700,50,1104,0,0,180,30,78,150,0,0,0,0.24,1,20,1,1,1,13,0.2,1,7,102.8
DS2-UHPC-242,700,50,1104,0,0,180,30,117,150,0,0,0,0.24,1,20,1,1,1,13,0.2,1,7,115.9
DS2-UHPC-243,700,50,1104,0,0,180,30,156,150,0,0,0,0.24,1,20,1,1,1,13,0.2,1,7,120.6
DS2-UHPC-244,700,50,1104,0,0,180,30,195,150,0,0,0,0.24,1,20,1,1,1,13,0.2,1,7,125.2
DS2-UHPC-245,700,50,1104,0,0,180,30,0,150,0,0,0,0.24,1,20,1,1,0,0,0,1,28,105.6
DS2-UHPC-246,700,50,1104,0,0,180,30,78,150,0,0,0,0.24,1,20,1,1,1,13,0.2,1,28,138.3
DS2-UHPC-247,700,50,1104,0,0,180,30,117,150,0,0,0,0.24,1,20,1,1,1,13,0.2,1,28,149.5
DS2-UHPC-248,700,50,1104,0,0,180,30,156,150,0,0,0,0.24,1,20,1,1,1,13,0.2,1,28,153.3
DS2-UHPC-249,700,50,1104,0,0,180,30,195,150,0,0,0,0.24,1,20,1,1,1,13,0.2,1,28,156.1
DS2-UHPC-25,810,90,1539,0,0,162,18,0,0,0,0,0,0.18,1,20,1,1,0,0,0,1,90,170
DS2-UHPC-250,741,185,815,0,194.25,185,9,156,0,0,0,64.75,0.199784017,1,30,1,1,1,13,0.2,1,1,76
DS2-UHPC-251,741,185,815,0,129.5,185,9,156,0,0,0,129.5,0.199784017,1,30,1,1,1,13,0.2,1,1,78
DS2-UHPC-252,741,185,815,0,64.75,185,9,156,0,0,0,194.25,0.199784017,1,30,1,1,1,13,0.2,1,1,82
DS2-UHPC-253,741,185,815,0,0,185,9,0,0,0,0,259,0.199784017,1,30,1,1,0,0,0,1,1,82
DS2-UHPC-254,741,185,815,0,259,185,9,156,0,0,0,0,0.199784017,1,30,1,1,1,13,0.2,1,3,117
DS2-UHPC-255,741,185,815,0,194.25,185,9,156,0,0,0,64.75,0.199784017,1,30,1,1,1,13,0.2,1,3,118
DS2-UHPC-256,741,185,815,0,129.5,185,9,156,0,0,0,129.5,0.199784017,1,30,1,1,1,13,0.2,1,3,111
DS2-UHPC-257,741,185,815,0,64.75,185,9,156,0,0,0,194.25,0.199784017,1,30,1,1,1,13,0.2,1,3,116
DS2-UHPC-258,741,185,815,0,0,185,9,0,0,0,0,259,0.199784017,1,30,1,1,0,0,0,1,3,115
DS2-UHPC-259,741,185,815,0,259,185,9,156,0,0,0,0,0.199784017,1,30,1,1,1,13,0.2,1,7,144
DS2-UHPC-26,630,90,1539,0,0,162,18,0,0,180,0,0,0.225,1,20,1,1,0,0,0,1,90,169
DS2-UHPC-260,741,185,815,0,194.25,185,9,156,0,0,0,64.75,0.199784017,1,30,1,1,1,13,0.2,1,7,142
DS2-UHPC-261,741,185,815,0,64.75,185,9,156,0,0,0,194.25,0.199784017,1,30,1,1,1,13,0.2,1,7,138
DS2-UHPC-262,741,185,815,0,194.25,185,9,156,0,0,0,64.75,0.199784017,1,30,1,1,1,13,0.2,1,28,159
DS2-UHPC-263,741,185,815,0,129.5,185,9,156,0,0,0,129.5,0.199784017,1,30,1,1,1,13,0.2,1,28,160
DS2-UHPC-264,741,185,815,0,64.75,185,9,156,0,0,0,194.25,0.199784017,1,30,1,1,1,13,0.2,1,28,158
DS2-UHPC-265,741,185,815,0,0,185,9,0,0,0,0,259,0.199784017,1,30,1,1,0,0,0,1,28,155
DS2-UHPC-266,741,185,815,0,259,185,9,156,0,0,0,0,0.199784017,1,30,1,1,1,13,0.2,1,90,165
DS2-UHPC-267,741,185,815,0,194.25,185,9,156,0,0,0,64.75,0.199784017,1,30,1,1,1,13,0.2,1,90,171
DS2-UHPC-268,741,185,815,0,129.5,185,9,156,0,0,0,129.5,0.199784017,1,30,1,1,1,13,0.2,1,90,167
DS2-UHPC-269,741,185,815,0,64.75,185,9,156,0,0,0,194.25,0.199784017,1,30,1,1,1,13,0.2,1,90,168
DS2-UHPC-27,630,90,1539,0,0,126,18,0,0,180,0,0,0.175,1,20,1,1,0,0,0,1,90,168
DS2-UHPC-270,890,222,799,0,0,222,29.7,117,0,0,0,0,0.199640288,1,23,1,1,1,13,0.2,1,28,130.3
DS2-UHPC-271,933,233,1026,0,0,168,37.6,0,0,0,0,0,0.144082333,1,23,1,1,0,0,0,1,28,101.4
DS2-UHPC-272,933,233,1026,0,0,168,37.6,0,0,0,0,0,0.144082333,1,23,1,1,0,0,0,1,28,116.2
DS2-UHPC-273,850,260,850,0,212,170,45,156,0,0,0,0,0.153153153,1,23,1,1,1,13,0.2,1,28,170.4
DS2-UHPC-274,850,260,850,0,212,170,45,156,0,0,0,0,0.153153153,1,23,1,1,1,13,0.2,1,28,184
DS2-UHPC-275,950,234,1030,0,95,215,12.7,234,0,0,0,0,0.181587838,1,23,1,1,1,13,0.2,1,28,158.1
DS2-UHPC-276,950,234,1030,0,95,215,12.7,234,0,0,0,0,0.181587838,1,23,1,1,1,13,0.2,1,28,168.6
DS2-UHPC-277,850,260,850,0,212,170,45,156,0,0,0,0,0.153153153,1,23,1,1,1,13,0.2,1,28,180.8
DS2-UHPC-278,850,260,850,0,212,170,45,156,0,0,0,0,0.153153153,1,23,1,1,1,13,0.2,1,28,192.2
DS2-UHPC-279,850,260,850,0,212,170,45,156,0,0,0,0,0.153153153,1,23,1,1,1,13,0.2,1,28,206.6
DS2-UHPC-28,630,90,1539,0,0,144,18,0,0,180,0,0,0.2,1,20,1,1,0,0,0,1,90,172
DS2-UHPC-280,850,260,850,0,212,170,45,156,0,0,0,0,0.153153153,1,23,1,1,1,13,0.2,1,28,185.2
DS2-UHPC-281,850,260,850,0,212,170,45,156,0,0,0,0,0.153153153,1,23,1,1,1,13,0.2,1,28,198.5
DS2-UHPC-282,850,260,850,0,212,170,45,156,0,0,0,0,0.153153153,1,23,1,1,1,13,0.2,1,28,188.2
DS2-UHPC-283,850,260,850,0,212,170,45,156,0,0,0,0,0.153153153,1,23,1,1,1,13,0.2,1,28,202.2
DS2-UHPC-284,850,260,850,0,212,170,45,156,0,0,0,0,0.153153153,1,23,1,1,1,13,0.2,1,28,193.5
DS2-UHPC-285,850,260,850,0,212,170,45,156,0,0,0,0,0.153153153,1,23,1,1,1,13,0.2,1,28,203.9
DS2-UHPC-286,850,260,850,0,212,170,45,156,0,0,0,0,0.153153153,1,23,1,1,1,13,0.2,1,28,197.9
DS2-UHPC-287,850,260,850,0,212,170,45,156,0,0,0,0,0.153153153,1,23,1,1,1,13,0.2,1,28,201.2
DS2-UHPC-288,850,260,850,0,212,170,45,156,0,0,0,0,0.153153153,1,23,1,1,1,13,0.2,1,28,206.2
DS2-UHPC-289,850,260,850,0,212,170,45,156,0,0,0,0,0.153153153,1,23,1,1,1,13,0.2,1,28,205.6
DS2-UHPC-29,630,90,1539,0,0,162,18,0,0,180,0,0,0.225,1,20,1,1,0,0,0,1,90,169
DS2-UHPC-290,850,260,850,0,212,170,45,156,0,0,0,0,0.153153153,1,23,1,1,1,13,0.2,1,28,199.9
DS2-UHPC-291,850,260,850,0,212,170,45,156,0,0,0,0,0.153153153,1,23,1,1,1,13,0.2,1,28,195.2
DS2-UHPC-292,850,260,850,0,212,170,45,156,0,0,0,0,0.153153153,1,23,1,1,1,13,0.2,1,28,190.2
DS2-UHPC-293,850,260,850,0,212,170,45,156,0,0,0,0,0.153153153,1,23,1,1,1,13,0.2,1,28,208.2
DS2-UHPC-294,850,260,850,0,212,170,45,156,0,0,0,0,0.153153153,1,23,1,1,1,13,0.2,1,28,181
DS2-UHPC-295,850,260,850,0,212,170,45,156,0,0,0,0,0.153153153,1,23,1,1,1,13,0.2,1,28,192.2
DS2-UHPC-296,850,260,850,0,212,170,45,156,0,0,0,0,0.153153153,1,23,1,1,1,13,0.2,1,28,206.78
DS2-UHPC-297,850,260,850,0,212,170,45,156,0,0,0,0,0.153153153,1,23,1,1,1,13,0.2,1,28,182.4
DS2-UHPC-298,850,260,850,0,212,170,45,156,0,0,0,0,0.153153153,1,23,1,1,1,13,0.2,1,28,194.9
DS2-UHPC-299,850,260,850,0,212,170,45,156,0,0,0,0,0.153153153,1,23,1,1,1,13,0.2,1,28,207.8
DS2-UHPC-3,810,90,1539,0,0,162,18,0,0,0,0,0,0.18,1,20,1,1,0,0,0,1,28,137
DS2-UHPC-30,630,90,1539,0,0,144,18,0,0,180,0,0,0.2,1,20,1,1,0,0,0,1,90,172
DS2-UHPC-300,850,260,850,0,212,170,45,156,0,0,0,0,0.153153153,1,23,1,1,1,13,0.2,1,28,186.1
DS2-UHPC-301,850,260,850,0,212,170,45,156,0,0,0,0,0.153153153,1,23,1,1,1,13,0.2,1,28,196.9
DS2-UHPC-302,850,260,850,0,212,170,45,156,0,0,0,0,0.153153153,1,23,1,1,1,13,0.2,1,28,186.8
DS2-UHPC-303,850,260,850,0,212,170,45,156,0,0,0,0,0.153153153,1,23,1,1,1,13,0.2,1,28,197.6
DS2-UHPC-304,850,260,850,0,212,170,45,156,0,0,0,0,0.153153153,1,23,1,1,1,13,0.2,1,28,187.5
DS2-UHPC-305,850,260,850,0,212,170,45,156,0,0,0,0,0.153153153,1,23,1,1,1,13,0.2,1,28,200
DS2-UHPC-306,850,260,850,0,212,170,45,156,0,0,0,0,0.153153153,1,23,1,1,1,13,0.2,1,28,173.2
DS2-UHPC-307,850,260,850,0,212,170,45,156,0,0,0,0,0.153153153,1,23,1,1,1,13,0.2,1,28,184.4
DS2-UHPC-308,850,260,850,0,212,170,45,156,0,0,0,0,0.153153153,1,23,1,1,1,13,0.2,1,28,196.9
DS2-UHPC-309,850,260,850,0,212,170,45,156,0,0,0,0,0.153153153,1,23,1,1,1,13,0.2,1,28,181
DS2-UHPC-31,450,90,1539,0,0,144,18,0,0,180,0,180,0.266666667,1,20,1,1,0,0,0,1,90,176
DS2-UHPC-310,850,260,850,0,212,170,45,156,0,0,0,0,0.153153153,1,23,1,1,1,13,0.2,1,28,191.2
DS2-UHPC-311,850,260,850,0,212,170,45,156,0,0,0,0,0.153153153,1,23,1,1,1,13,0.2,1,28,176.6
DS2-UHPC-312,850,260,850,0,212,170,45,156,0,0,0,0,0.153153153,1,23,1,1,1,13,0.2,1,28,182.4
DS2-UHPC-313,850,260,850,0,212,170,45,156,0,0,0,0,0.153153153,1,23,1,1,1,13,0.2,1,28,172.9
DS2-UHPC-314,850,260,850,0,212,170,45,156,0,0,0,0,0.153153153,1,23,1,1,1,13,0.2,1,28,181.7
DS2-UHPC-315,850,260,850,0,212,170,45,156,0,0,0,0,0.153153153,1,23,1,1,1,13,0.2,1,28,171.2
DS2-UHPC-316,850,260,850,0,212,170,45,156,0,0,0,0,0.153153153,1,23,1,1,1,13,0.2,1,28,180.3
DS2-UHPC-317,850,260,850,0,212,170,45,156,0,0,0,0,0.153153153,1,23,1,1,1,13,0.2,1,28,174.6
DS2-UHPC-318,788.5,197.1,1104,0,0,160.3,50,156,0,0,0,0,0.162642045,1,23,1,1,1,13,0.2,1,28,187.1
DS2-UHPC-319,788.5,197.1,1104,0,0,160.3,50,156,0,0,0,0,0.162642045,1,23,1,1,1,13,0.2,1,28,192.3
DS2-UHPC-32,270,90,1539,0,0,144,18,0,0,180,0,360,0.4,1,20,1,1,0,0,0,1,90,150
DS2-UHPC-320,788.5,197.1,1104,0,0,160.3,50,156,0,0,0,0,0.162642045,1,23,1,1,1,13,0.2,1,28,204.4
DS2-UHPC-321,833,208,1125,0,0,208,25,0,0,0,0,0,0.199807877,1,23,1,1,0,0,0,1,28,147
DS2-UHPC-322,825,206,1114,0,0,206,25,78,0,0,0,0,0.199806014,1,23,1,1,1,13,0.2,1,28,145.5
DS2-UHPC-323,817,204,1102,0,0,204,25,156,0,0,0,0,0.199804114,1,23,1,1,1,13,0.2,1,28,147.5
DS2-UHPC-324,808,202,1091,0,0,202,24,234,0,0,0,0,0.2,1,23,1,1,1,13,0.2,1,28,165.7
DS2-UHPC-325,800,200,880,0,200,200,9.6,0,0,0,0,0,0.2,1,20,1,1,0,0,0,1,7,101.5
DS2-UHPC-326,800,100,980,0,200,200,9.6,0,0,0,0,0,0.222222222,1,20,1,1,0,0,0,1,7,111.4
DS2-UHPC-327,800,200,980,0,100,200,9.6,0,0,0,0,0,0.2,1,20,1,1,0,0,0,1,7,108.6
DS2-UHPC-328,800,200,1080,0,0,200,14.4,0,0,0,0,0,0.2,1,20,1,1,0,0,0,1,7,111
DS2-UHPC-329,800,200,880,0,200,200,9.6,0,0,0,0,0,0.2,1,20,1,1,0,0,0,1,28,141.3
DS2-UHPC-33,450,50,1992,0,0,90,18,0,0,0,0,0,0.18,1,20,1,1,0,0,0,1,180,159
DS2-UHPC-330,800,100,980,0,200,200,9.6,0,0,0,0,0,0.222222222,1,20,1,1,0,0,0,1,28,147.3
DS2-UHPC-331,800,200,980,0,100,200,9.6,0,0,0,0,0,0.2,1,20,1,1,0,0,0,1,28,146.5
DS2-UHPC-332,800,200,1080,0,0,200,14.4,0,0,0,0,0,0.2,1,20,1,1,0,0,0,1,28,159.2
DS2-UHPC-333,800,200,880,0,200,200,9.6,0,0,0,0,0,0.2,1,20,1,1,0,0,0,1,90,163.3
DS2-UHPC-334,800,100,980,0,200,200,9.6,0,0,0,0,0,0.222222222,1,20,1,1,0,0,0,1,90,166.4
DS2-UHPC-335,800,200,980,0,100,200,9.6,0,0,0,0,0,0.2,1,20,1,1,0,0,0,1,90,175.9
DS2-UHPC-336,800,100,980,0,200,200,9.6,0,0,0,0,0,0.222222222,1,20,1,1,0,0,0,1,90,141.1
DS2-UHPC-337,950,255,873,0,0,189,31,0,0,0,0,0,0.156846473,1,23,1,1,0,0,0,1,7,104.2
DS2-UHPC-338,941.5,255,873,9.5,0,189,31,0,0,0,0,0,0.157960719,1,23,1,1,0,0,0,1,7,109.8
DS2-UHPC-339,932,255,873,19,0,189,31,0,0,0,0,0,0.159224937,1,23,1,1,0,0,0,1,7,112.6
DS2-UHPC-34,630,70,1788,0,0,126,18,0,0,0,0,0,0.18,1,20,1,1,0,0,0,1,180,167
DS2-UHPC-340,921.5,255,873,28.5,0,189,31,0,0,0,0,0,0.160645984,1,23,1,1,0,0,0,1,7,119.4
DS2-UHPC-341,912,255,873,38,0,189,31,0,0,0,0,0,0.161953728,1,23,1,1,0,0,0,1,7,114.3
DS2-UHPC-342,950,255,873,0,0,189,31,0,0,0,0,0,0.156846473,1,23,1,1,0,0,0,1,28,132.5
DS2-UHPC-343,941.5,255,873,9.5,0,189,31,0,0,0,0,0,0.157960719,1,23,1,1,0,0,0,1,28,135.8
DS2-UHPC-344,932,255,873,19,0,189,31,0,0,0,0,0,0.159224937,1,23,1,1,0,0,0,1,28,137
DS2-UHPC-345,921.5,255,873,28.5,0,189,31,0,0,0,0,0,0.160645984,1,23,1,1,0,0,0,1,28,143.2
DS2-UHPC-346,912,255,873,38,0,189,31,0,0,0,0,0,0.161953728,1,23,1,1,0,0,0,1,28,139.2
DS2-UHPC-347,950,255,873,0,0,189,31,0,0,0,0,0,0.156846473,1,23,1,1,0,0,0,1,90,138.7
DS2-UHPC-348,941.5,255,873,9.5,0,189,31,0,0,0,0,0,0.157960719,1,23,1,1,0,0,0,1,90,139.8
DS2-UHPC-349,932,255,873,19,0,189,31,0,0,0,0,0,0.159224937,1,23,1,1,0,0,0,1,90,141.5
DS2-UHPC-35,810,90,1539,0,0,162,18,0,0,0,0,0,0.18,1,20,1,1,0,0,0,1,180,174
DS2-UHPC-350,921.5,255,873,28.5,0,189,31,0,0,0,0,0,0.160645984,1,23,1,1,0,0,0,1,90,147.7
DS2-UHPC-351,912,255,873,38,0,189,31,0,0,0,0,0,0.161953728,1,23,1,1,0,0,0,1,90,140.4
DS2-UHPC-352,800,0,1471.3,0,0,160,21.6,0,0,0,0,0,0.2,1,23,1,1,0,0,0,1,1,92.2
DS2-UHPC-353,796,0,1461.1,4,0,160,25.2,0,0,0,0,0,0.201005025,1,23,1,1,0,0,0,1,1,82.8
DS2-UHPC-354,792,0,1450.8,8,0,160,28.8,0,0,0,0,0,0.202020202,1,23,1,1,0,0,0,1,1,78.9
DS2-UHPC-355,784,0,1430.2,16,0,160,36,0,0,0,0,0,0.204081633,1,23,1,1,0,0,0,1,1,77.9
DS2-UHPC-356,776,0,1409.7,24,0,160,43.2,0,0,0,0,0,0.206185567,1,23,1,1,0,0,0,1,1,75.6
DS2-UHPC-357,720,80,1422.9,0,0,160,29.6,0,0,0,0,0,0.2,1,23,1,1,0,0,0,1,1,81.8
DS2-UHPC-358,716,80,1411.6,4,0,160,33.6,0,0,0,0,0,0.201005025,1,23,1,1,0,0,0,1,1,77.8
DS2-UHPC-359,712,80,1400.3,8,0,160,37.6,0,0,0,0,0,0.202020202,1,23,1,1,0,0,0,1,1,69.4
DS2-UHPC-36,810,90,1539,0,0,162,18,0,0,0,0,0,0.18,1,20,1,1,0,0,0,1,180,174
DS2-UHPC-360,704,80,1379.8,16,0,160,44.8,0,0,0,0,0,0.204081633,1,23,1,1,0,0,0,1,1,61.5
DS2-UHPC-361,696,80,1359.2,24,0,160,52,0,0,0,0,0,0.206185567,1,23,1,1,0,0,0,1,1,56.7
DS2-UHPC-362,800,0,1471.3,0,0,160,21.6,0,0,0,0,0,0.2,1,23,1,1,0,0,0,1,3,103.9
DS2-UHPC-363,796,0,1461.1,4,0,160,25.2,0,0,0,0,0,0.201005025,1,23,1,1,0,0,0,1,3,100.2
DS2-UHPC-364,792,0,1450.8,8,0,160,28.8,0,0,0,0,0,0.202020202,1,23,1,1,0,0,0,1,3,99.3
DS2-UHPC-365,784,0,1430.2,16,0,160,36,0,0,0,0,0,0.204081633,1,23,1,1,0,0,0,1,3,95.4
DS2-UHPC-366,776,0,1409.7,24,0,160,43.2,0,0,0,0,0,0.206185567,1,23,1,1,0,0,0,1,3,94.5
DS2-UHPC-367,720,80,1422.9,0,0,160,29.6,0,0,0,0,0,0.2,1,23,1,1,0,0,0,1,3,91.2
DS2-UHPC-368,716,80,1411.6,4,0,160,33.6,0,0,0,0,0,0.201005025,1,23,1,1,0,0,0,1,3,87.9
DS2-UHPC-369,712,80,1400.3,8,0,160,37.6,0,0,0,0,0,0.202020202,1,23,1,1,0,0,0,1,3,86.3
DS2-UHPC-37,630,90,1539,0,0,162,18,0,0,180,0,0,0.225,1,20,1,1,0,0,0,1,180,170
DS2-UHPC-370,704,80,1379.8,16,0,160,44.8,0,0,0,0,0,0.204081633,1,23,1,1,0,0,0,1,3,85.3
DS2-UHPC-371,696,80,1359.2,24,0,160,52,0,0,0,0,0,0.206185567,1,23,1,1,0,0,0,1,3,84.3
DS2-UHPC-372,800,0,1471.3,0,0,160,21.6,0,0,0,0,0,0.2,1,23,1,1,0,0,0,1,7,108
DS2-UHPC-373,796,0,1461.1,4,0,160,25.2,0,0,0,0,0,0.201005025,1,23,1,1,0,0,0,1,7,108.7
DS2-UHPC-374,792,0,1450.8,8,0,160,28.8,0,0,0,0,0,0.202020202,1,23,1,1,0,0,0,1,7,109
DS2-UHPC-375,784,0,1430.2,16,0,160,36,0,0,0,0,0,0.204081633,1,23,1,1,0,0,0,1,7,109.2
DS2-UHPC-376,776,0,1409.7,24,0,160,43.2,0,0,0,0,0,0.206185567,1,23,1,1,0,0,0,1,7,106.9
DS2-UHPC-377,720,80,1422.9,0,0,160,29.6,0,0,0,0,0,0.2,1,23,1,1,0,0,0,1,7,104.3
DS2-UHPC-378,716,80,1411.6,4,0,160,33.6,0,0,0,0,0,0.201005025,1,23,1,1,0,0,0,1,7,105.1
DS2-UHPC-379,712,80,1400.3,8,0,160,37.6,0,0,0,0,0,0.202020202,1,23,1,1,0,0,0,1,7,106.2
DS2-UHPC-38,630,90,1539,0,0,126,18,0,0,180,0,0,0.175,1,20,1,1,0,0,0,1,180,168
DS2-UHPC-380,704,80,1379.8,16,0,160,44.8,0,0,0,0,0,0.204081633,1,23,1,1,0,0,0,1,7,107.1
DS2-UHPC-381,696,80,1359.2,24,0,160,52,0,0,0,0,0,0.206185567,1,23,1,1,0,0,0,1,7,102.2
DS2-UHPC-382,800,0,1471.3,0,0,160,21.6,0,0,0,0,0,0.2,1,23,1,1,0,0,0,1,14,112.4
DS2-UHPC-383,796,0,1461.1,4,0,160,25.2,0,0,0,0,0,0.201005025,1,23,1,1,0,0,0,1,14,113.1
DS2-UHPC-384,792,0,1450.8,8,0,160,28.8,0,0,0,0,0,0.202020202,1,23,1,1,0,0,0,1,14,114.3
DS2-UHPC-385,784,0,1430.2,16,0,160,36,0,0,0,0,0,0.204081633,1,23,1,1,0,0,0,1,14,115.6
DS2-UHPC-386,776,0,1409.7,24,0,160,43.2,0,0,0,0,0,0.206185567,1,23,1,1,0,0,0,1,14,111.5
DS2-UHPC-387,720,80,1422.9,0,0,160,29.6,0,0,0,0,0,0.2,1,23,1,1,0,0,0,1,14,116.2
DS2-UHPC-388,716,80,1411.6,4,0,160,33.6,0,0,0,0,0,0.201005025,1,23,1,1,0,0,0,1,14,118.5
DS2-UHPC-389,712,80,1400.3,8,0,160,37.6,0,0,0,0,0,0.202020202,1,23,1,1,0,0,0,1,14,123
DS2-UHPC-39,630,90,1539,0,0,144,18,0,0,180,0,0,0.2,1,20,1,1,0,0,0,1,180,175
DS2-UHPC-390,704,80,1379.8,16,0,160,44.8,0,0,0,0,0,0.204081633,1,23,1,1,0,0,0,1,14,126
DS2-UHPC-391,696,80,1359.2,24,0,160,52,0,0,0,0,0,0.206185567,1,23,1,1,0,0,0,1,14,119.2
DS2-UHPC-392,800,0,1471.3,0,0,160,21.6,0,0,0,0,0,0.2,1,23,1,1,0,0,0,1,28,115.4
DS2-UHPC-393,796,0,1461.1,4,0,160,25.2,0,0,0,0,0,0.201005025,1,23,1,1,0,0,0,1,28,116.8
DS2-UHPC-394,792,0,1450.8,8,0,160,28.8,0,0,0,0,0,0.202020202,1,23,1,1,0,0,0,1,28,120.9
DS2-UHPC-395,784,0,1430.2,16,0,160,36,0,0,0,0,0,0.204081633,1,23,1,1,0,0,0,1,28,123.4
DS2-UHPC-396,776,0,1409.7,24,0,160,43.2,0,0,0,0,0,0.206185567,1,23,1,1,0,0,0,1,28,119.1
DS2-UHPC-397,720,80,1422.9,0,0,160,29.6,0,0,0,0,0,0.2,1,23,1,1,0,0,0,1,28,120.7
DS2-UHPC-398,716,80,1411.6,4,0,160,33.6,0,0,0,0,0,0.201005025,1,23,1,1,0,0,0,1,28,125
DS2-UHPC-399,712,80,1400.3,8,0,160,37.6,0,0,0,0,0,0.202020202,1,23,1,1,0,0,0,1,28,130.1
DS2-UHPC-4,810,90,1539,0,0,162,18,0,0,0,0,0,0.18,1,20,1,1,0,0,0,1,28,137
DS2-UHPC-40,630,90,1539,0,0,162,18,0,0,180,0,0,0.225,1,20,1,1,0,0,0,1,180,170
DS2-UHPC-400,704,80,1379.8,16,0,160,44.8,0,0,0,0,0,0.204081633,1,23,1,1,0,0,0,1,28,131.8
DS2-UHPC-401,696,80,1359.2,24,0,160,52,0,0,0,0,0,0.206185567,1,23,1,1,0,0,0,1,28,127.3
DS2-UHPC-402,800,0,1471.3,0,0,160,21.6,0,0,0,0,0,0.2,1,23,1,1,0,0,0,1,56,119.3
DS2-UHPC-403,796,0,1461.1,4,0,160,25.2,0,0,0,0,0,0.201005025,1,23,1,1,0,0,0,1,56,120.9
DS2-UHPC-404,792,0,1450.8,8,0,160,28.8,0,0,0,0,0,0.202020202,1,23,1,1,0,0,0,1,56,123.4
DS2-UHPC-405,784,0,1430.2,16,0,160,36,0,0,0,0,0,0.204081633,1,23,1,1,0,0,0,1,56,126
DS2-UHPC-406,776,0,1409.7,24,0,160,43.2,0,0,0,0,0,0.206185567,1,23,1,1,0,0,0,1,56,122.3
DS2-UHPC-407,720,80,1422.9,0,0,160,29.6,0,0,0,0,0,0.2,1,23,1,1,0,0,0,1,56,124.2
DS2-UHPC-408,716,80,1411.6,4,0,160,33.6,0,0,0,0,0,0.201005025,1,23,1,1,0,0,0,1,56,128.8
DS2-UHPC-409,712,80,1400.3,8,0,160,37.6,0,0,0,0,0,0.202020202,1,23,1,1,0,0,0,1,56,134.8
DS2-UHPC-41,630,90,1539,0,0,144,18,0,0,180,0,0,0.2,1,20,1,1,0,0,0,1,180,175
DS2-UHPC-410,704,80,1379.8,16,0,160,44.8,0,0,0,0,0,0.204081633,1,23,1,1,0,0,0,1,56,137.4
DS2-UHPC-411,696,80,1359.2,24,0,160,52,0,0,0,0,0,0.206185567,1,23,1,1,0,0,0,1,56,131.8
DS2-UHPC-412,800,0,1471.3,0,0,160,21.6,0,0,0,0,0,0.2,1,23,1,1,0,0,0,1,90,124.1
DS2-UHPC-413,796,0,1461.1,4,0,160,25.2,0,0,0,0,0,0.201005025,1,23,1,1,0,0,0,1,90,125.7
DS2-UHPC-414,792,0,1450.8,8,0,160,28.8,0,0,0,0,0,0.202020202,1,23,1,1,0,0,0,1,90,130.6
DS2-UHPC-415,784,0,1430.2,16,0,160,36,0,0,0,0,0,0.204081633,1,23,1,1,0,0,0,1,90,133.3
DS2-UHPC-416,776,0,1409.7,24,0,160,43.2,0,0,0,0,0,0.206185567,1,23,1,1,0,0,0,1,90,129.9
DS2-UHPC-417,720,80,1422.9,0,0,160,29.6,0,0,0,0,0,0.2,1,23,1,1,0,0,0,1,90,130.3
DS2-UHPC-418,716,80,1411.6,4,0,160,33.6,0,0,0,0,0,0.201005025,1,23,1,1,0,0,0,1,90,132.8
DS2-UHPC-419,712,80,1400.3,8,0,160,37.6,0,0,0,0,0,0.202020202,1,23,1,1,0,0,0,1,90,137.9
DS2-UHPC-42,450,90,1539,0,0,144,18,0,0,180,0,180,0.266666667,1,20,1,1,0,0,0,1,180,179
DS2-UHPC-420,704,80,1379.8,16,0,160,44.8,0,0,0,0,0,0.204081633,1,23,1,1,0,0,0,1,90,141.6
DS2-UHPC-421,696,80,1359.2,24,0,160,52,0,0,0,0,0,0.206185567,1,23,1,1,0,0,0,1,90,138.3
DS2-UHPC-422,550,0,1695,0,0,192.5,1.1,0,0,0,0,0,0.35,1,21,1,1,0,0,0,1,3,32.5
DS2-UHPC-423,545.875,0,1685,4.125,0,192.5,4.4,0,0,0,0,0,0.352644836,1,21,1,1,0,0,0,1,3,35.3
DS2-UHPC-424,541.75,0,1678,8.25,0,192.5,6.6,0,0,0,0,0,0.355329949,1,21,1,1,0,0,0,1,3,39.5
DS2-UHPC-425,545.875,0,1685,4.125,0,192.5,4.4,0,0,0,0,0,0.352644836,1,21,1,1,0,0,0,1,3,37.1
DS2-UHPC-426,541.75,0,1678,8.25,0,192.5,6.6,0,0,0,0,0,0.355329949,1,21,1,1,0,0,0,1,3,39.1
DS2-UHPC-427,550,0,1762,0,0,165,3.85,0,0,0,0,0,0.3,1,21,1,1,0,0,0,1,3,45
DS2-UHPC-428,545.875,0,1754,4.125,0,165,6.6,0,0,0,0,0,0.302267003,1,21,1,1,0,0,0,1,3,46.4
DS2-UHPC-429,541.75,0,1748,8.25,0,165,8.25,0,0,0,0,0,0.304568528,1,21,1,1,0,0,0,1,3,51.6
DS2-UHPC-43,270,90,1539,0,0,144,18,0,0,180,0,360,0.4,1,20,1,1,0,0,0,1,180,160
DS2-UHPC-430,545.875,0,1754,4.125,0,165,6.6,0,0,0,0,0,0.302267003,1,21,1,1,0,0,0,1,3,45.4
DS2-UHPC-431,541.75,0,1748,8.25,0,165,8.25,0,0,0,0,0,0.304568528,1,21,1,1,0,0,0,1,3,42.2
DS2-UHPC-432,550,0,1830,0,0,137.5,6.6,0,0,0,0,0,0.25,1,21,1,1,0,0,0,1,3,58.9
DS2-UHPC-433,545.875,0,1820,4.125,0,137.5,9.9,0,0,0,0,0,0.251889169,1,21,1,1,0,0,0,1,3,59.8
DS2-UHPC-434,541.75,0,1812,8.25,0,137.5,12.65,0,0,0,0,0,0.253807107,1,21,1,1,0,0,0,1,3,63.3
DS2-UHPC-435,545.875,0,1820,4.125,0,137.5,9.9,0,0,0,0,0,0.251889169,1,21,1,1,0,0,0,1,3,56.1
DS2-UHPC-436,541.75,0,1812,8.25,0,137.5,12.65,0,0,0,0,0,0.253807107,1,21,1,1,0,0,0,1,3,53.1
DS2-UHPC-437,550,0,1695,0,0,192.5,1.1,0,0,0,0,0,0.35,1,21,1,1,0,0,0,1,7,40.9
DS2-UHPC-438,545.875,0,1685,4.125,0,192.5,4.4,0,0,0,0,0,0.352644836,1,21,1,1,0,0,0,1,7,44.9
DS2-UHPC-439,541.75,0,1678,8.25,0,192.5,6.6,0,0,0,0,0,0.355329949,1,21,1,1,0,0,0,1,7,51.3
DS2-UHPC-44,450,50,1992,0,0,90,18,0,0,0,0,0,0.18,1,20,1,1,0,0,0,1,365,161
DS2-UHPC-440,545.875,0,1685,4.125,0,192.5,4.4,0,0,0,0,0,0.352644836,1,21,1,1,0,0,0,1,7,45.7
DS2-UHPC-441,541.75,0,1678,8.25,0,192.5,6.6,0,0,0,0,0,0.355329949,1,21,1,1,0,0,0,1,7,49.3
DS2-UHPC-442,550,0,1762,0,0,165,3.85,0,0,0,0,0,0.3,1,21,1,1,0,0,0,1,7,57.2
DS2-UHPC-443,545.875,0,1754,4.125,0,165,6.6,0,0,0,0,0,0.302267003,1,21,1,1,0,0,0,1,7,59.7
DS2-UHPC-444,541.75,0,1748,8.25,0,165,8.25,0,0,0,0,0,0.304568528,1,21,1,1,0,0,0,1,7,60.1
DS2-UHPC-445,545.875,0,1754,4.125,0,165,6.6,0,0,0,0,0,0.302267003,1,21,1,1,0,0,0,1,7,52.5
DS2-UHPC-446,541.75,0,1748,8.25,0,165,8.25,0,0,0,0,0,0.304568528,1,21,1,1,0,0,0,1,7,50.1
DS2-UHPC-447,550,0,1830,0,0,137.5,6.6,0,0,0,0,0,0.25,1,21,1,1,0,0,0,1,7,71.6
DS2-UHPC-448,545.875,0,1820,4.125,0,137.5,9.9,0,0,0,0,0,0.251889169,1,21,1,1,0,0,0,1,7,76
DS2-UHPC-449,541.75,0,1812,8.25,0,137.5,12.65,0,0,0,0,0,0.253807107,1,21,1,1,0,0,0,1,7,75
DS2-UHPC-45,630,70,1788,0,0,126,18,0,0,0,0,0,0.18,1,20,1,1,0,0,0,1,365,169
DS2-UHPC-450,545.875,0,1820,4.125,0,137.5,9.9,0,0,0,0,0,0.251889169,1,21,1,1,0,0,0,1,7,69
DS2-UHPC-451,541.75,0,1812,8.25,0,137.5,12.65,0,0,0,0,0,0.253807107,1,21,1,1,0,0,0,1,7,67.8
DS2-UHPC-452,545.875,0,1685,4.125,0,192.5,4.4,0,0,0,0,0,0.352644836,1,21,1,1,0,0,0,1,28,53.4
DS2-UHPC-453,541.75,0,1678,8.25,0,192.5,6.6,0,0,0,0,0,0.355329949,1,21,1,1,0,0,0,1,28,61.8
DS2-UHPC-454,545.875,0,1685,4.125,0,192.5,4.4,0,0,0,0,0,0.352644836,1,21,1,1,0,0,0,1,28,54.5
DS2-UHPC-455,541.75,0,1678,8.25,0,192.5,6.6,0,0,0,0,0,0.355329949,1,21,1,1,0,0,0,1,28,61
DS2-UHPC-456,550,0,1762,0,0,165,3.85,0,0,0,0,0,0.3,1,21,1,1,0,0,0,1,28,67.2
DS2-UHPC-457,545.875,0,1754,4.125,0,165,6.6,0,0,0,0,0,0.302267003,1,21,1,1,0,0,0,1,28,64.4
DS2-UHPC-458,541.75,0,1748,8.25,0,165,8.25,0,0,0,0,0,0.304568528,1,21,1,1,0,0,0,1,28,72.6
DS2-UHPC-459,545.875,0,1754,4.125,0,165,6.6,0,0,0,0,0,0.302267003,1,21,1,1,0,0,0,1,28,64.2
DS2-UHPC-46,810,90,1539,0,0,162,18,0,0,0,0,0,0.18,1,20,1,1,0,0,0,1,365,177
DS2-UHPC-460,541.75,0,1748,8.25,0,165,8.25,0,0,0,0,0,0.304568528,1,21,1,1,0,0,0,1,28,62.9
DS2-UHPC-461,550,0,1830,0,0,137.5,6.6,0,0,0,0,0,0.25,1,21,1,1,0,0,0,1,28,85.5
DS2-UHPC-462,545.875,0,1820,4.125,0,137.5,9.9,0,0,0,0,0,0.251889169,1,21,1,1,0,0,0,1,28,86.7
DS2-UHPC-463,541.75,0,1812,8.25,0,137.5,12.65,0,0,0,0,0,0.253807107,1,21,1,1,0,0,0,1,28,85
DS2-UHPC-464,545.875,0,1820,4.125,0,137.5,9.9,0,0,0,0,0,0.251889169,1,21,1,1,0,0,0,1,28,83.6
DS2-UHPC-465,541.75,0,1812,8.25,0,137.5,12.65,0,0,0,0,0,0.253807107,1,21,1,1,0,0,0,1,28,84.7
DS2-UHPC-466,545.875,0,1685,4.125,0,192.5,4.4,0,0,0,0,0,0.352644836,1,21,1,1,0,0,0,1,90,62
DS2-UHPC-467,541.75,0,1678,8.25,0,192.5,6.6,0,0,0,0,0,0.355329949,1,21,1,1,0,0,0,1,90,65.9
DS2-UHPC-468,545.875,0,1685,4.125,0,192.5,4.4,0,0,0,0,0,0.352644836,1,21,1,1,0,0,0,1,90,58.4
DS2-UHPC-469,541.75,0,1678,8.25,0,192.5,6.6,0,0,0,0,0,0.355329949,1,21,1,1,0,0,0,1,90,65.3
DS2-UHPC-47,810,90,1539,0,0,162,18,0,0,0,0,0,0.18,1,20,1,1,0,0,0,1,365,177
DS2-UHPC-470,550,0,1762,0,0,165,3.85,0,0,0,0,0,0.3,1,21,1,1,0,0,0,1,90,74.3
DS2-UHPC-471,545.875,0,1754,4.125,0,165,6.6,0,0,0,0,0,0.302267003,1,21,1,1,0,0,0,1,90,75.1
DS2-UHPC-472,541.75,0,1748,8.25,0,165,8.25,0,0,0,0,0,0.304568528,1,21,1,1,0,0,0,1,90,76.9
DS2-UHPC-473,545.875,0,1754,4.125,0,165,6.6,0,0,0,0,0,0.302267003,1,21,1,1,0,0,0,1,90,71.9
DS2-UHPC-474,541.75,0,1748,8.25,0,165,8.25,0,0,0,0,0,0.304568528,1,21,1,1,0,0,0,1,90,70.8
DS2-UHPC-475,550,0,1830,0,0,137.5,6.6,0,0,0,0,0,0.25,1,21,1,1,0,0,0,1,90,93.8
DS2-UHPC-476,545.875,0,1820,4.125,0,137.5,9.9,0,0,0,0,0,0.251889169,1,21,1,1,0,0,0,1,90,95
DS2-UHPC-477,541.75,0,1812,8.25,0,137.5,12.65,0,0,0,0,0,0.253807107,1,21,1,1,0,0,0,1,90,91.2
DS2-UHPC-478,545.875,0,1820,4.125,0,137.5,9.9,0,0,0,0,0,0.251889169,1,21,1,1,0,0,0,1,90,90
DS2-UHPC-479,541.75,0,1812,8.25,0,137.5,12.65,0,0,0,0,0,0.253807107,1,21,1,1,0,0,0,1,90,92.6
DS2-UHPC-48,630,90,1539,0,0,162,18,0,0,180,0,0,0.225,1,20,1,1,0,0,0,1,365,174
DS2-UHPC-480,950,200,570,0,350,230,53,234,0,0,0,0,0.2,1,20,1,1,1,13,0.2,1,28,140.7
DS2-UHPC-481,931,200,570,19,350,230,53,234,0,0,0,0,0.203359859,1,20,1,1,1,13,0.2,1,28,150.6
DS2-UHPC-482,902.5,200,570,47.5,350,230,53,234,0,0,0,0,0.20861678,1,20,1,1,1,13,0.2,1,28,148.4
DS2-UHPC-483,950,200,690,0,350,230,53,234,0,0,0,0,0.2,1,20,1,1,1,13,0.2,1,28,144.7
DS2-UHPC-484,931,200,690,19,350,230,53,234,0,0,0,0,0.203359859,1,20,1,1,1,13,0.2,1,28,155.4
DS2-UHPC-485,902.5,200,690,47.5,350,230,53,234,0,0,0,0,0.20861678,1,20,1,1,1,13,0.2,1,28,142.4
DS2-UHPC-486,950,200,810,0,350,230,53,234,0,0,0,0,0.2,1,20,1,1,1,13,0.2,1,28,144.5
DS2-UHPC-487,902.5,200,810,47.5,350,230,53,234,0,0,0,0,0.20861678,1,20,1,1,1,13,0.2,1,28,137.2
DS2-UHPC-488,863,216,923,0,0,177,32.37,0,0,0,0,0,0.164040778,1,20,1,1,0,0,0,1,7,88.9
DS2-UHPC-489,647,216,923,0,0,177,32.37,0,0,216,0,0,0.205098494,1,20,1,1,0,0,0,1,7,86.7
DS2-UHPC-49,630,90,1539,0,0,126,18,0,0,180,0,0,0.175,1,20,1,1,0,0,0,1,365,168
DS2-UHPC-490,432,216,923,0,0,177,32.4,0,216,216,0,0,0.273148148,1,20,1,1,0,0,0,1,7,79.2
DS2-UHPC-491,829,216,923,34.5,0,177,32.39,0,0,0,0,0,0.16937799,1,20,1,1,0,0,0,1,7,91.1
DS2-UHPC-492,852,216,923,10.8,0,177,32.36,0,0,0,0,0,0.165730337,1,20,1,1,0,0,0,1,7,101.9
DS2-UHPC-493,863,216,923,0,0,177,32.37,156,0,0,0,0,0.164040778,1,20,1,1,1,13,0.2,1,7,103.7
DS2-UHPC-494,647,216,923,0,0,177,32.37,156,0,216,0,0,0.205098494,1,20,1,1,1,13,0.2,1,7,118.1
DS2-UHPC-495,647,216,923,0,0,177,32.37,156,216,0,0,0,0.205098494,1,20,1,1,1,13,0.2,1,7,118.7
DS2-UHPC-496,432,216,923,0,0,177,32.4,156,216,216,0,0,0.273148148,1,20,1,1,1,13,0.2,1,7,117.6
DS2-UHPC-497,829,216,923,34.5,0,177,32.39,156,0,0,0,0,0.16937799,1,20,1,1,1,13,0.2,1,7,118.7
DS2-UHPC-498,852,216,923,10.8,0,177,32.36,156,0,0,0,0,0.165730337,1,20,1,1,1,13,0.2,1,7,122.6
DS2-UHPC-499,863,216,923,0,0,177,32.37,0,0,0,0,0,0.164040778,1,20,1,1,0,0,0,1,28,104.1
DS2-UHPC-5,630,90,1539,0,0,126,18,0,0,180,0,0,0.175,1,20,1,1,0,0,0,1,28,150
DS2-UHPC-50,630,90,1539,0,0,144,18,0,0,180,0,0,0.2,1,20,1,1,0,0,0,1,365,178
DS2-UHPC-500,647,216,923,0,0,177,32.37,0,0,216,0,0,0.205098494,1,20,1,1,0,0,0,1,28,109
DS2-UHPC-501,647,216,923,0,0,177,32.37,0,216,0,0,0,0.205098494,1,20,1,1,0,0,0,1,28,109
DS2-UHPC-502,432,216,923,0,0,177,32.4,0,216,216,0,0,0.273148148,1,20,1,1,0,0,0,1,28,103
DS2-UHPC-503,829,216,923,34.5,0,177,32.39,0,0,0,0,0,0.16937799,1,20,1,1,0,0,0,1,28,113.9
DS2-UHPC-504,852,216,923,10.8,0,177,32.36,0,0,0,0,0,0.165730337,1,20,1,1,0,0,0,1,28,113.3
DS2-UHPC-505,863,216,923,0,0,177,32.37,156,0,0,0,0,0.164040778,1,20,1,1,1,13,0.2,1,28,142.1
DS2-UHPC-506,647,216,923,0,0,177,32.37,156,0,216,0,0,0.205098494,1,20,1,1,1,13,0.2,1,28,157.2
DS2-UHPC-507,647,216,923,0,0,177,32.37,156,216,0,0,0,0.205098494,1,20,1,1,1,13,0.2,1,28,156
DS2-UHPC-508,432,216,923,0,0,177,32.4,156,216,216,0,0,0.273148148,1,20,1,1,1,13,0.2,1,28,154.4
DS2-UHPC-509,829,216,923,34.5,0,177,32.39,156,0,0,0,0,0.16937799,1,20,1,1,1,13,0.2,1,28,156
DS2-UHPC-51,630,90,1539,0,0,162,18,0,0,180,0,0,0.225,1,20,1,1,0,0,0,1,365,174
DS2-UHPC-510,852,216,923,10.8,0,177,32.36,156,0,0,0,0,0.165730337,1,20,1,1,1,13,0.2,1,28,154.4
DS2-UHPC-511,900,220,1005,0,0,163,40,156,0,0,0,0,0.145535714,1,23,1,1,1,13,0.2,1,7,124.1
DS2-UHPC-512,900,165,1021,0,0,163,40,156,55,0,0,0,0.153051643,1,23,1,1,1,13,0.2,1,7,115.5
DS2-UHPC-513,900,110,1036,0,0,163,40,156,110,0,0,0,0.161386139,1,23,1,1,1,13,0.2,1,7,113.5
DS2-UHPC-514,810,220,1002,0,0,163,40,156,90,0,0,0,0.158252427,1,23,1,1,1,13,0.2,1,7,116
DS2-UHPC-515,720,220,998,0,0,163,40,156,180,0,0,0,0.173404255,1,23,1,1,1,13,0.2,1,7,116.5
DS2-UHPC-516,630,220,994,0,0,163,40,156,270,0,0,0,0.191764706,1,23,1,1,1,13,0.2,1,7,110
DS2-UHPC-517,900,220,1005,0,0,163,40,156,0,0,0,0,0.145535714,1,23,1,1,1,13,0.2,1,14,132.9
DS2-UHPC-518,900,165,1021,0,0,163,40,156,55,0,0,0,0.153051643,1,23,1,1,1,13,0.2,1,14,123
DS2-UHPC-519,900,110,1036,0,0,163,40,156,110,0,0,0,0.161386139,1,23,1,1,1,13,0.2,1,14,122
DS2-UHPC-52,630,90,1539,0,0,144,18,0,0,180,0,0,0.2,1,20,1,1,0,0,0,1,365,178
DS2-UHPC-520,810,220,1002,0,0,163,40,156,90,0,0,0,0.158252427,1,23,1,1,1,13,0.2,1,14,125.3
DS2-UHPC-521,720,220,998,0,0,163,40,156,180,0,0,0,0.173404255,1,23,1,1,1,13,0.2,1,14,125.1
DS2-UHPC-522,630,220,994,0,0,163,40,156,270,0,0,0,0.191764706,1,23,1,1,1,13,0.2,1,14,124.5
DS2-UHPC-523,900,220,1005,0,0,163,40,156,0,0,0,0,0.145535714,1,23,1,1,1,13,0.2,1,28,143
DS2-UHPC-524,900,165,1021,0,0,163,40,156,55,0,0,0,0.153051643,1,23,1,1,1,13,0.2,1,28,138.8
DS2-UHPC-525,900,110,1036,0,0,163,40,156,110,0,0,0,0.161386139,1,23,1,1,1,13,0.2,1,28,138.2
DS2-UHPC-526,810,220,1002,0,0,163,40,156,90,0,0,0,0.158252427,1,23,1,1,1,13,0.2,1,28,140.4
DS2-UHPC-527,720,220,998,0,0,163,40,156,180,0,0,0,0.173404255,1,23,1,1,1,13,0.2,1,28,132.2
DS2-UHPC-528,630,220,994,0,0,163,40,156,270,0,0,0,0.191764706,1,23,1,1,1,13,0.2,1,28,130.6
DS2-UHPC-529,900,220,1005,0,0,163,40,156,0,0,0,0,0.145535714,1,23,1,1,1,13,0.2,1,56,161.6
DS2-UHPC-53,450,90,1539,0,0,144,18,0,0,180,0,180,0.266666667,1,20,1,1,0,0,0,1,365,183
DS2-UHPC-530,900,165,1021,0,0,163,40,156,55,0,0,0,0.153051643,1,23,1,1,1,13,0.2,1,56,154.8
DS2-UHPC-531,900,110,1036,0,0,163,40,156,110,0,0,0,0.161386139,1,23,1,1,1,13,0.2,1,56,152.4
DS2-UHPC-532,810,220,1002,0,0,163,40,156,90,0,0,0,0.158252427,1,23,1,1,1,13,0.2,1,56,157.2
DS2-UHPC-533,720,220,998,0,0,163,40,156,180,0,0,0,0.173404255,1,23,1,1,1,13,0.2,1,56,153.7
DS2-UHPC-534,630,220,994,0,0,163,40,156,270,0,0,0,0.191764706,1,23,1,1,1,13,0.2,1,56,151
DS2-UHPC-535,666.4,210.5,820.8,0,259.6,164.2,17.5,156,0,35.1,0,0,0.187250542,1,90,1,1,1,13,0.2,1,28,144.7
DS2-UHPC-536,631.4,210.5,820.8,0,259.6,164.2,17.5,156,0,70.1,0,0,0.19503504,1,90,1,1,1,13,0.2,1,28,159.1
DS2-UHPC-537,596.3,210.5,820.8,0,259.6,164.2,17.5,156,0,105.2,0,0,0.203520079,1,90,1,1,1,13,0.2,1,28,147.4
DS2-UHPC-538,561.2,210.5,820.8,0,259.6,164.2,17.5,156,0,140.3,0,0,0.212776986,1,90,1,1,1,13,0.2,1,28,139.6
DS2-UHPC-539,526.1,210.5,820.8,0,259.6,164.2,17.5,156,0,175.4,0,0,0.222916101,1,90,1,1,1,13,0.2,1,28,130.6
DS2-UHPC-54,270,90,1539,0,0,144,18,0,0,180,0,360,0.4,1,20,1,1,0,0,0,1,365,164
DS2-UHPC-540,701.5,210.5,820.8,0,259.6,164.2,17.5,156,0,0,0,0,0.18004386,1,200,1,1,1,13,0.2,1,28,161.9
DS2-UHPC-541,666.4,210.5,820.8,0,259.6,164.2,17.5,156,0,35.1,0,0,0.187250542,1,200,1,1,1,13,0.2,1,28,170.1
DS2-UHPC-542,631.4,210.5,820.8,0,259.6,164.2,17.5,156,0,70.1,0,0,0.19503504,1,200,1,1,1,13,0.2,1,28,175.9
DS2-UHPC-543,561.2,210.5,820.8,0,259.6,164.2,17.5,156,0,140.3,0,0,0.212776986,1,200,1,1,1,13,0.2,1,28,179.1
DS2-UHPC-544,620.2,114.2,1277.5,0,0,161.9,36,156,164.9,0,0,0,0.22045207,1,20,1,1,1,13,0.2,1,1,91.1
DS2-UHPC-545,558.1,114.2,1276.6,0,0,161.9,36,156,164.9,62,0,0,0.240815112,1,20,1,1,1,13,0.2,1,1,77.9
DS2-UHPC-546,620.2,114.2,1277.5,0,0,161.9,36,156,164.9,0,0,0,0.22045207,1,20,1,1,1,13,0.2,1,3,113.8
DS2-UHPC-547,558.1,114.2,1276.6,0,0,161.9,36,156,164.9,62,0,0,0.240815112,1,20,1,1,1,13,0.2,1,3,102.7
DS2-UHPC-548,620.2,114.2,1277.5,0,0,161.9,36,156,164.9,0,0,0,0.22045207,1,20,1,1,1,13,0.2,1,7,134.2
DS2-UHPC-549,558.1,114.2,1276.6,0,0,161.9,36,156,164.9,62,0,0,0.240815112,1,20,1,1,1,13,0.2,1,7,130.5
DS2-UHPC-55,874.9,43.7,1273.4,0,0,202.1,45.9,0,0,0,0,0,0.220008709,1,21,1,1,0,0,0,1,7,85.91
DS2-UHPC-550,496.1,114.2,1275.9,0,0,161.9,36,156,164.9,124,0,0,0.265279371,1,20,1,1,1,13,0.2,1,7,129.8
DS2-UHPC-551,434.1,114.2,1275,0,0,161.9,36,156,164.9,186,0,0,0.295276309,1,20,1,1,1,13,0.2,1,7,121.7
DS2-UHPC-552,558.1,114.2,1276.6,0,0,161.9,36,156,164.9,62,0,0,0.240815112,1,20,1,1,1,13,0.2,1,14,160.5
DS2-UHPC-553,496.1,114.2,1275.9,0,0,161.9,36,156,164.9,124,0,0,0.265279371,1,20,1,1,1,13,0.2,1,14,162
DS2-UHPC-554,434.1,114.2,1275,0,0,161.9,36,156,164.9,186,0,0,0.295276309,1,20,1,1,1,13,0.2,1,14,153.9
DS2-UHPC-555,558.1,114.2,1276.6,0,0,161.9,36,156,164.9,62,0,0,0.240815112,1,20,1,1,1,13,0.2,1,28,170.7
DS2-UHPC-556,496.1,114.2,1275.9,0,0,161.9,36,156,164.9,124,0,0,0.265279371,1,20,1,1,1,13,0.2,1,28,175.8
DS2-UHPC-557,434.1,114.2,1275,0,0,161.9,36,156,164.9,186,0,0,0.295276309,1,20,1,1,1,13,0.2,1,28,168.4
DS2-UHPC-558,863.2,215.8,1079,0,0,177,21.6,0,0,0,0,0,0.164040778,1,20,1,1,0,0,0,1,1,36.1
DS2-UHPC-559,857.8,215.8,1079,5.4,0,177,21.6,0,0,0,0,0,0.164865872,1,20,1,1,0,0,0,1,1,42.2
DS2-UHPC-56,612.4,43.7,1273.4,0,0,202.1,45.9,0,0,0,0,262.5,0.308032312,1,21,1,1,0,0,0,1,7,78.52
DS2-UHPC-560,852.4,215.8,1079,10.8,0,177,21.6,0,0,0,0,0,0.165699307,1,20,1,1,0,0,0,1,1,47.7
DS2-UHPC-561,847,215.8,1079,16.2,0,177,21.6,0,0,0,0,0,0.166541212,1,20,1,1,0,0,0,1,1,53.1
DS2-UHPC-562,841.6,215.8,1079,21.6,0,177,21.6,0,0,0,0,0,0.167391716,1,20,1,1,0,0,0,1,1,53.1
DS2-UHPC-563,863.2,215.8,1079,0,0,177,21.6,0,0,0,0,0,0.164040778,1,20,1,1,0,0,0,1,3,75.6
DS2-UHPC-564,857.8,215.8,1079,5.4,0,177,21.6,0,0,0,0,0,0.164865872,1,20,1,1,0,0,0,1,3,81.7
DS2-UHPC-565,852.4,215.8,1079,10.8,0,177,21.6,0,0,0,0,0,0.165699307,1,20,1,1,0,0,0,1,3,85.1
DS2-UHPC-566,847,215.8,1079,16.2,0,177,21.6,0,0,0,0,0,0.166541212,1,20,1,1,0,0,0,1,3,87.8
DS2-UHPC-567,841.6,215.8,1079,21.6,0,177,21.6,0,0,0,0,0,0.167391716,1,20,1,1,0,0,0,1,3,81.7
DS2-UHPC-568,863.2,215.8,1079,0,0,177,21.6,0,0,0,0,0,0.164040778,1,20,1,1,0,0,0,1,7,83.7
DS2-UHPC-569,857.8,215.8,1079,5.4,0,177,21.6,0,0,0,0,0,0.164865872,1,20,1,1,0,0,0,1,7,92.6
DS2-UHPC-57,699.9,43.7,1273.4,0,175,202.1,45.9,0,0,0,0,0,0.271785906,1,21,1,1,0,0,0,1,7,85.91
DS2-UHPC-570,852.4,215.8,1079,10.8,0,177,21.6,0,0,0,0,0,0.165699307,1,20,1,1,0,0,0,1,7,102.1
DS2-UHPC-571,847,215.8,1079,16.2,0,177,21.6,0,0,0,0,0,0.166541212,1,20,1,1,0,0,0,1,7,105.5
DS2-UHPC-572,841.6,215.8,1079,21.6,0,177,21.6,0,0,0,0,0,0.167391716,1,20,1,1,0,0,0,1,7,102.8
DS2-UHPC-573,863.2,215.8,1079,0,0,177,21.6,0,0,0,0,0,0.164040778,1,20,1,1,0,0,0,1,28,103.5
DS2-UHPC-574,857.8,215.8,1079,5.4,0,177,21.6,0,0,0,0,0,0.164865872,1,20,1,1,0,0,0,1,28,108.3
DS2-UHPC-575,852.4,215.8,1079,10.8,0,177,21.6,0,0,0,0,0,0.165699307,1,20,1,1,0,0,0,1,28,113.7
DS2-UHPC-576,847,215.8,1079,16.2,0,177,21.6,0,0,0,0,0,0.166541212,1,20,1,1,0,0,0,1,28,112.3
DS2-UHPC-577,841.6,215.8,1079,21.6,0,177,21.6,0,0,0,0,0,0.167391716,1,20,1,1,0,0,0,1,28,110.3
DS2-UHPC-578,863.2,215.8,1079,0,0,177,21.6,0,0,0,0,0,0.164040778,1,20,1,1,0,0,0,1,90,119.8
DS2-UHPC-579,857.8,215.8,1079,5.4,0,177,21.6,0,0,0,0,0,0.164865872,1,20,1,1,0,0,0,1,90,128
DS2-UHPC-58,874.9,43.7,1273.4,0,0,202.1,45.9,39,0,0,0,0,0.220008709,1,21,1,1,1,13,0.2,1,7,106.71
DS2-UHPC-580,852.4,215.8,1079,10.8,0,177,21.6,0,0,0,0,0,0.165699307,1,20,1,1,0,0,0,1,90,130.7
DS2-UHPC-581,847,215.8,1079,16.2,0,177,21.6,0,0,0,0,0,0.166541212,1,20,1,1,0,0,0,1,90,123.2
DS2-UHPC-582,841.6,215.8,1079,21.6,0,177,21.6,0,0,0,0,0,0.167391716,1,20,1,1,0,0,0,1,90,117.8
DS2-UHPC-583,750,144,990,0,0,182,38,0,200,0,0,0,0.203579418,1,20,1,1,0,0,0,1,3,82.3
DS2-UHPC-584,675,144,990,0,0,182,38,0,200,75,0,0,0.222222222,1,20,1,1,0,0,0,1,3,68.9
DS2-UHPC-585,600,144,990,0,0,182,36,0,200,150,0,0,0.244623656,1,20,1,1,0,0,0,1,3,64.5
DS2-UHPC-586,525,144,990,0,0,182,36,0,200,225,0,0,0.272047833,1,20,1,1,0,0,0,1,3,60.7
DS2-UHPC-587,450,144,990,0,0,182,34,0,200,300,0,0,0.306397306,1,20,1,1,0,0,0,1,3,53
DS2-UHPC-588,375,144,990,0,0,182,30,0,200,375,0,0,0.350674374,1,20,1,1,0,0,0,1,3,48.1
DS2-UHPC-589,750,144,990,0,0,182,38,0,200,0,0,0,0.203579418,1,20,1,1,0,0,0,1,7,100.1
DS2-UHPC-59,612.4,43.7,1273.4,0,0,202.1,45.9,39,0,0,0,262.5,0.308032312,1,21,1,1,1,13,0.2,1,7,89.93
DS2-UHPC-590,675,144,990,0,0,182,38,0,200,75,0,0,0.222222222,1,20,1,1,0,0,0,1,7,90
DS2-UHPC-591,600,144,990,0,0,182,36,0,200,150,0,0,0.244623656,1,20,1,1,0,0,0,1,7,84.3
DS2-UHPC-592,525,144,990,0,0,182,36,0,200,225,0,0,0.272047833,1,20,1,1,0,0,0,1,7,82.3
DS2-UHPC-593,450,144,990,0,0,182,34,0,200,300,0,0,0.306397306,1,20,1,1,0,0,0,1,7,78
DS2-UHPC-594,375,144,990,0,0,182,30,0,200,375,0,0,0.350674374,1,20,1,1,0,0,0,1,7,70.3
DS2-UHPC-595,750,144,990,0,0,182,38,0,200,0,0,0,0.203579418,1,20,1,1,0,0,0,1,28,121.8
DS2-UHPC-596,675,144,990,0,0,182,38,0,200,75,0,0,0.222222222,1,20,1,1,0,0,0,1,28,125.2
DS2-UHPC-597,600,144,990,0,0,182,36,0,200,150,0,0,0.244623656,1,20,1,1,0,0,0,1,28,127.6
DS2-UHPC-598,525,144,990,0,0,182,36,0,200,225,0,0,0.272047833,1,20,1,1,0,0,0,1,28,127.1
DS2-UHPC-599,450,144,990,0,0,182,34,0,200,300,0,0,0.306397306,1,20,1,1,0,0,0,1,28,122.3
DS2-UHPC-6,630,90,1539,0,0,144,18,0,0,180,0,0,0.2,1,20,1,1,0,0,0,1,28,142
DS2-UHPC-60,699.9,43.7,1273.4,0,175,202.1,45.9,39,0,0,0,0,0.271785906,1,21,1,1,1,13,0.2,1,7,99.33
DS2-UHPC-600,375,144,990,0,0,182,30,0,200,375,0,0,0.350674374,1,20,1,1,0,0,0,1,28,116
DS2-UHPC-601,960,240,793.7,0,0,234,45,0,0,0,0,0,0.195,1,23,1,1,0,0,0,1,7,107.6
DS2-UHPC-602,960,240,787.1,0,0,234,45,19.5,0,0,0,0,0.195,1,23,1,1,1,13,0.2,1,7,119.3
DS2-UHPC-603,960,240,780.5,0,0,234,45,39,0,0,0,0,0.195,1,23,1,1,1,13,0.2,1,7,121.8
DS2-UHPC-604,960,240,773.8,0,0,234,45,58.5,0,0,0,0,0.195,1,23,1,1,1,13,0.2,1,7,124.2
DS2-UHPC-605,960,240,767.2,0,0,234,45,78,0,0,0,0,0.195,1,23,1,1,1,13,0.2,1,7,126.9
DS2-UHPC-606,960,240,754,0,0,234,45,117,0,0,0,0,0.195,1,23,1,1,1,13,0.2,1,7,129.2
DS2-UHPC-607,960,240,740.7,0,0,234,45,156,0,0,0,0,0.195,1,23,1,1,1,13,0.2,1,7,136.6
DS2-UHPC-608,960,240,786.4,0,0,234,45,19.5,0,0,0,0,0.195,1,23,1,1,1,13,0.2,1,7,118.1
DS2-UHPC-609,960,240,779.2,0,0,234,45,39,0,0,0,0,0.195,1,23,1,1,1,13,0.2,1,7,120.2
DS2-UHPC-61,874.9,43.7,1273.4,0,0,202.1,45.9,78,0,0,0,0,0.220008709,1,21,1,1,1,13,0.2,1,7,108.73
DS2-UHPC-610,960,240,771.9,0,0,234,45,58.5,0,0,0,0,0.195,1,23,1,1,1,13,0.2,1,7,122.6
DS2-UHPC-611,960,240,764.7,0,0,234,45,78,0,0,0,0,0.195,1,23,1,1,1,13,0.2,1,7,127.4
DS2-UHPC-612,960,240,720.7,0,0,234,57,117,0,0,0,0,0.195,1,23,1,1,1,13,0.2,1,7,130
DS2-UHPC-613,960,240,706.2,0,0,234,57,156,0,0,0,0,0.195,1,23,1,1,1,13,0.2,1,7,132.4
DS2-UHPC-614,960,240,793.7,0,0,234,45,0,0,0,0,0,0.195,1,23,1,1,0,0,0,1,28,136.6
DS2-UHPC-615,960,240,787.1,0,0,234,45,19.5,0,0,0,0,0.195,1,23,1,1,1,13,0.2,1,28,148.7
DS2-UHPC-616,960,240,780.5,0,0,234,45,39,0,0,0,0,0.195,1,23,1,1,1,13,0.2,1,28,150.1
DS2-UHPC-617,960,240,773.8,0,0,234,45,58.5,0,0,0,0,0.195,1,23,1,1,1,13,0.2,1,28,152.5
DS2-UHPC-618,960,240,767.2,0,0,234,45,78,0,0,0,0,0.195,1,23,1,1,1,13,0.2,1,28,154.8
DS2-UHPC-619,960,240,754,0,0,234,45,117,0,0,0,0,0.195,1,23,1,1,1,13,0.2,1,28,160.6
DS2-UHPC-62,612.4,43.7,1273.4,0,0,202.1,45.9,78,0,0,0,262.5,0.308032312,1,21,1,1,1,13,0.2,1,7,92.62
DS2-UHPC-620,960,240,740.7,0,0,234,45,156,0,0,0,0,0.195,1,23,1,1,1,13,0.2,1,28,162.8
DS2-UHPC-621,960,240,786.4,0,0,234,45,19.5,0,0,0,0,0.195,1,23,1,1,1,13,0.2,1,28,144.5
DS2-UHPC-622,960,240,779.2,0,0,234,45,39,0,0,0,0,0.195,1,23,1,1,1,13,0.2,1,28,148.6
DS2-UHPC-623,960,240,771.9,0,0,234,45,58.5,0,0,0,0,0.195,1,23,1,1,1,13,0.2,1,28,151.8
DS2-UHPC-624,960,240,764.7,0,0,234,45,78,0,0,0,0,0.195,1,23,1,1,1,13,0.2,1,28,154.8
DS2-UHPC-625,960,240,720.7,0,0,234,57,117,0,0,0,0,0.195,1,23,1,1,1,13,0.2,1,28,156.2
DS2-UHPC-626,960,240,706.2,0,0,234,57,156,0,0,0,0,0.195,1,23,1,1,1,13,0.2,1,28,160.1
DS2-UHPC-627,960,240,793.7,0,0,234,45,0,0,0,0,0,0.195,1,23,1,1,0,0,0,1,56,150.1
DS2-UHPC-628,960,240,787.1,0,0,234,45,19.5,0,0,0,0,0.195,1,23,1,1,1,13,0.2,1,56,163.1
DS2-UHPC-629,960,240,780.5,0,0,234,45,39,0,0,0,0,0.195,1,23,1,1,1,13,0.2,1,56,166.2
DS2-UHPC-63,699.9,43.7,1273.4,0,175,202.1,45.9,78,0,0,0,0,0.271785906,1,21,1,1,1,13,0.2,1,7,102.01
DS2-UHPC-630,960,240,773.8,0,0,234,45,58.5,0,0,0,0,0.195,1,23,1,1,1,13,0.2,1,56,167.6
DS2-UHPC-631,960,240,767.2,0,0,234,45,78,0,0,0,0,0.195,1,23,1,1,1,13,0.2,1,56,170.7
DS2-UHPC-632,960,240,754,0,0,234,45,117,0,0,0,0,0.195,1,23,1,1,1,13,0.2,1,56,172.7
DS2-UHPC-633,960,240,740.7,0,0,234,45,156,0,0,0,0,0.195,1,23,1,1,1,13,0.2,1,56,173.2
DS2-UHPC-634,960,240,786.4,0,0,234,45,19.5,0,0,0,0,0.195,1,23,1,1,1,13,0.2,1,56,160.9
DS2-UHPC-635,960,240,779.2,0,0,234,45,39,0,0,0,0,0.195,1,23,1,1,1,13,0.2,1,56,163.3
DS2-UHPC-636,960,240,771.9,0,0,234,45,58.5,0,0,0,0,0.195,1,23,1,1,1,13,0.2,1,56,164.7
DS2-UHPC-637,960,240,764.7,0,0,234,45,78,0,0,0,0,0.195,1,23,1,1,1,13,0.2,1,56,164.9
DS2-UHPC-638,960,240,720.7,0,0,234,57,117,0,0,0,0,0.195,1,23,1,1,1,13,0.2,1,56,165.5
DS2-UHPC-639,960,240,706.2,0,0,234,57,156,0,0,0,0,0.195,1,23,1,1,1,13,0.2,1,56,166.7
DS2-UHPC-64,874.9,43.7,1273.4,0,0,202.1,45.9,117,0,0,0,0,0.220008709,1,21,1,1,1,13,0.2,1,7,110.74
DS2-UHPC-640,960,240,793.7,0,0,234,45,0,0,0,0,0,0.195,1,23,1,1,0,0,0,1,90,156.1
DS2-UHPC-641,960,240,787.1,0,0,234,45,19.5,0,0,0,0,0.195,1,23,1,1,1,13,0.2,1,90,167.8
DS2-UHPC-642,960,240,780.5,0,0,234,45,39,0,0,0,0,0.195,1,23,1,1,1,13,0.2,1,90,169.4
DS2-UHPC-643,960,240,773.8,0,0,234,45,58.5,0,0,0,0,0.195,1,23,1,1,1,13,0.2,1,90,170.5
DS2-UHPC-644,960,240,767.2,0,0,234,45,78,0,0,0,0,0.195,1,23,1,1,1,13,0.2,1,90,173.6
DS2-UHPC-645,960,240,754,0,0,234,45,117,0,0,0,0,0.195,1,23,1,1,1,13,0.2,1,90,176.8
DS2-UHPC-646,960,240,740.7,0,0,234,45,156,0,0,0,0,0.195,1,23,1,1,1,13,0.2,1,90,180.3
DS2-UHPC-647,960,240,786.4,0,0,234,45,19.5,0,0,0,0,0.195,1,23,1,1,1,13,0.2,1,90,165.1
DS2-UHPC-648,960,240,779.2,0,0,234,45,39,0,0,0,0,0.195,1,23,1,1,1,13,0.2,1,90,167.7
DS2-UHPC-649,960,240,771.9,0,0,234,45,58.5,0,0,0,0,0.195,1,23,1,1,1,13,0.2,1,90,167.9
DS2-UHPC-65,612.4,43.7,1273.4,0,0,202.1,45.9,117,0,0,0,262.5,0.308032312,1,21,1,1,1,13,0.2,1,7,100
DS2-UHPC-650,960,240,764.7,0,0,234,45,78,0,0,0,0,0.195,1,23,1,1,1,13,0.2,1,90,169.1
DS2-UHPC-651,960,240,720.7,0,0,234,57,117,0,0,0,0,0.195,1,23,1,1,1,13,0.2,1,90,170.9
DS2-UHPC-652,960,240,706.2,0,0,234,57,156,0,0,0,0,0.195,1,23,1,1,1,13,0.2,1,90,172.5
DS2-UHPC-653,960,240,793.7,0,0,234,45,0,0,0,0,0,0.195,1,23,1,1,0,0,0,1,180,161.3
DS2-UHPC-654,960,240,787.1,0,0,234,45,19.5,0,0,0,0,0.195,1,23,1,1,1,13,0.2,1,180,169.8
DS2-UHPC-655,960,240,780.5,0,0,234,45,39,0,0,0,0,0.195,1,23,1,1,1,13,0.2,1,180,170.9
DS2-UHPC-656,960,240,773.8,0,0,234,45,58.5,0,0,0,0,0.195,1,23,1,1,1,13,0.2,1,180,172.3
DS2-UHPC-657,960,240,767.2,0,0,234,45,78,0,0,0,0,0.195,1,23,1,1,1,13,0.2,1,180,175.2
DS2-UHPC-658,960,240,754,0,0,234,45,117,0,0,0,0,0.195,1,23,1,1,1,13,0.2,1,180,178.1
DS2-UHPC-659,960,240,740.7,0,0,234,45,156,0,0,0,0,0.195,1,23,1,1,1,13,0.2,1,180,182.4
DS2-UHPC-66,699.9,43.7,1273.4,0,175,202.1,45.9,117,0,0,0,0,0.271785906,1,21,1,1,1,13,0.2,1,7,108.73
DS2-UHPC-660,960,240,786.4,0,0,234,45,19.5,0,0,0,0,0.195,1,23,1,1,1,13,0.2,1,180,167.9
DS2-UHPC-661,960,240,779.2,0,0,234,45,39,0,0,0,0,0.195,1,23,1,1,1,13,0.2,1,180,169.1
DS2-UHPC-662,960,240,771.9,0,0,234,45,58.5,0,0,0,0,0.195,1,23,1,1,1,13,0.2,1,180,170.3
DS2-UHPC-663,960,240,764.7,0,0,234,45,78,0,0,0,0,0.195,1,23,1,1,1,13,0.2,1,180,172.5
DS2-UHPC-664,960,240,720.7,0,0,234,57,117,0,0,0,0,0.195,1,23,1,1,1,13,0.2,1,180,174.2
DS2-UHPC-665,960,240,706.2,0,0,234,57,156,0,0,0,0,0.195,1,23,1,1,1,13,0.2,1,180,177.2
DS2-UHPC-666,472,262,1049,0,0,178,21,0,0,315,0,0,0.242506812,1,23,1,1,0,0,0,1,7,94.5
DS2-UHPC-667,472,262,1049,0,0,178,21,156,0,315,0,0,0.242506812,1,23,1,1,1,13,0.2,1,7,115
DS2-UHPC-668,472,262,1049,0,0,178,21,156,0,315,0,0,0.242506812,1,23,1,1,1,13,0.2,1,7,120.9
DS2-UHPC-669,472,262,1049,0,0,178,21,156,0,315,0,0,0.242506812,1,23,1,1,1,13,0.2,1,7,108.8
DS2-UHPC-67,874.9,43.7,1273.4,0,0,202.1,45.9,156,0,0,0,0,0.220008709,1,21,1,1,1,13,0.2,1,7,120.81
DS2-UHPC-670,472,262,1049,0,0,178,21,0,0,315,0,0,0.242506812,1,23,1,1,0,0,0,1,28,98.3
DS2-UHPC-671,472,262,1049,0,0,178,21,156,0,315,0,0,0.242506812,1,23,1,1,1,13,0.2,1,28,134.3
DS2-UHPC-672,472,262,1049,0,0,178,21,156,0,315,0,0,0.242506812,1,23,1,1,1,13,0.2,1,28,143.5
DS2-UHPC-673,472,262,1049,0,0,178,21,156,0,315,0,0,0.242506812,1,23,1,1,1,13,0.2,1,28,127.6
DS2-UHPC-674,472,262,1049,0,0,178,21,156,0,315,0,0,0.242506812,1,23,1,1,1,13,0.2,1,28,123.4
DS2-UHPC-675,472,262,1049,0,0,178,21,156,0,315,0,0,0.242506812,1,23,1,1,1,13,0.2,1,28,120.5
DS2-UHPC-676,680,120,1462,0,0,160,9.59,0,0,0,0,0,0.2,1,23,1,1,0,0,0,1,7,63.7
DS2-UHPC-677,640,160,1446.4,0,0,160,9.6,0,0,0,0,0,0.2,1,23,1,1,0,0,0,1,7,57.4
DS2-UHPC-678,600,200,1434,0,0,160,9.6,0,0,0,0,0,0.2,1,23,1,1,0,0,0,1,7,60.5
DS2-UHPC-679,680,120,1502.8,0,0,144,9.59,0,0,0,0,0,0.18,1,23,1,1,0,0,0,1,7,68.49
DS2-UHPC-68,612.4,43.7,1273.4,0,0,202.1,45.9,156,0,0,0,262.5,0.308032312,1,21,1,1,1,13,0.2,1,7,105.37
DS2-UHPC-680,680,120,1421.2,0,0,176,9.59,0,0,0,0,0,0.22,1,23,1,1,0,0,0,1,7,55.32
DS2-UHPC-681,680,120,1462,0,0,160,11.22,0,0,0,0,0,0.2,1,23,1,1,0,0,0,1,7,63.22
DS2-UHPC-682,680,120,1468.8,0,0,160,8.02,0,0,0,0,0,0.2,1,23,1,1,0,0,0,1,7,58.83
DS2-UHPC-683,765,135,1315.8,0,0,180,10.79,0,0,0,0,0,0.2,1,23,1,1,0,0,0,1,7,66.8
DS2-UHPC-684,720,180,1303.2,0,0,180,10.8,0,0,0,0,0,0.2,1,23,1,1,0,0,0,1,7,69.2
DS2-UHPC-685,675,225,1289.25,0,0,180,10.8,0,0,0,0,0,0.2,1,23,1,1,0,0,0,1,7,64.5
DS2-UHPC-686,720,180,1353.6,0,0,162,10.8,0,0,0,0,0,0.18,1,23,1,1,0,0,0,1,7,72
DS2-UHPC-687,720,180,1260,0,0,198,10.8,0,0,0,0,0,0.22,1,23,1,1,0,0,0,1,7,64.1
DS2-UHPC-688,720,180,1296,0,0,180,12.6,0,0,0,0,0,0.2,1,23,1,1,0,0,0,1,7,70.24
DS2-UHPC-689,720,180,1310.4,0,0,180,9,0,0,0,0,0,0.2,1,23,1,1,0,0,0,1,7,67.61
DS2-UHPC-69,699.9,43.7,1273.4,0,175,202.1,45.9,156,0,0,0,0,0.271785906,1,21,1,1,1,13,0.2,1,7,114.77
DS2-UHPC-690,850,150,1173,0,0,200,11.99,0,0,0,0,0,0.2,1,23,1,1,0,0,0,1,7,72.3
DS2-UHPC-691,800,200,1160,0,0,200,12,0,0,0,0,0,0.2,1,23,1,1,0,0,0,1,7,73.1
DS2-UHPC-692,750,250,1140,0,0,200,12,0,0,0,0,0,0.2,1,23,1,1,0,0,0,1,7,67.6
DS2-UHPC-693,850,150,1224,0,0,180,11.99,0,0,0,0,0,0.18,1,23,1,1,0,0,0,1,7,74.63
DS2-UHPC-694,850,150,1122,0,0,220,11.99,0,0,0,0,0,0.22,1,23,1,1,0,0,0,1,7,67.61
DS2-UHPC-695,850,150,1173,0,0,200,14.03,0,0,0,0,0,0.2,1,23,1,1,0,0,0,1,7,72.88
DS2-UHPC-696,850,150,1181.5,0,0,200,10.03,0,0,0,0,0,0.2,1,23,1,1,0,0,0,1,7,69.37
DS2-UHPC-697,680,120,1462,0,0,160,9.59,0,0,0,0,0,0.2,1,23,1,1,0,0,0,1,28,118.7
DS2-UHPC-698,640,160,1446.4,0,0,160,9.6,0,0,0,0,0,0.2,1,23,1,1,0,0,0,1,28,113.2
DS2-UHPC-699,680,120,1502.8,0,0,144,9.59,0,0,0,0,0,0.18,1,23,1,1,0,0,0,1,28,122.93
DS2-UHPC-7,630,90,1539,0,0,144,18,0,0,180,0,0,0.2,1,20,1,1,0,0,0,1,28,142
DS2-UHPC-70,612.4,43.7,1273.4,0,0,202.1,45.9,195,0,0,0,262.5,0.308032312,1,21,1,1,1,13,0.2,1,7,114.09
DS2-UHPC-700,680,120,1421.2,0,0,176,9.59,0,0,0,0,0,0.22,1,23,1,1,0,0,0,1,28,108.88
DS2-UHPC-701,680,120,1462,0,0,160,11.22,0,0,0,0,0,0.2,1,23,1,1,0,0,0,1,28,122.05
DS2-UHPC-702,680,120,1468.8,0,0,160,8.02,0,0,0,0,0,0.2,1,23,1,1,0,0,0,1,28,111.51
DS2-UHPC-703,765,135,1315.8,0,0,180,10.79,0,0,0,0,0,0.2,1,23,1,1,0,0,0,1,28,122.6
DS2-UHPC-704,720,180,1303.2,0,0,180,10.8,0,0,0,0,0,0.2,1,23,1,1,0,0,0,1,28,124.2
DS2-UHPC-705,675,225,1289.25,0,0,180,10.8,0,0,0,0,0,0.2,1,23,1,1,0,0,0,1,28,123.4
DS2-UHPC-706,720,180,1353.6,0,0,162,10.8,0,0,0,0,0,0.18,1,23,1,1,0,0,0,1,28,128.2
DS2-UHPC-707,720,180,1260,0,0,198,10.8,0,0,0,0,0,0.22,1,23,1,1,0,0,0,1,28,122.05
DS2-UHPC-708,720,180,1296,0,0,180,12.6,0,0,0,0,0,0.2,1,23,1,1,0,0,0,1,28,127.32
DS2-UHPC-709,720,180,1310.4,0,0,180,9,0,0,0,0,0,0.2,1,23,1,1,0,0,0,1,28,125.56
DS2-UHPC-71,699.9,43.7,1273.4,0,175,202.1,45.9,195,0,0,0,0,0.271785906,1,21,1,1,1,13,0.2,1,7,122.82
DS2-UHPC-710,850,150,1173,0,0,200,11.99,0,0,0,0,0,0.2,1,23,1,1,0,0,0,1,28,128.1
DS2-UHPC-711,800,200,1160,0,0,200,12,0,0,0,0,0,0.2,1,23,1,1,0,0,0,1,28,126.6
DS2-UHPC-712,750,250,1140,0,0,200,12,0,0,0,0,0,0.2,1,23,1,1,0,0,0,1,28,125
DS2-UHPC-713,850,150,1224,0,0,180,11.99,0,0,0,0,0,0.18,1,23,1,1,0,0,0,1,28,132.59
DS2-UHPC-714,850,150,1122,0,0,220,11.99,0,0,0,0,0,0.22,1,23,1,1,0,0,0,1,28,122.93
DS2-UHPC-715,850,150,1173,0,0,200,14.03,0,0,0,0,0,0.2,1,23,1,1,0,0,0,1,28,129.95
DS2-UHPC-716,850,150,1181.5,0,0,200,10.03,0,0,0,0,0,0.2,1,23,1,1,0,0,0,1,28,127.32
DS2-UHPC-717,729,182,1150,0,0,182,27,156,0,0,0,0,0.199780461,1,20,1,1,1,13,0.2,1,28,148
DS2-UHPC-718,365,183,1150,0,0,183,17,156,0,365,0,0,0.333941606,1,20,1,1,1,13,0.2,1,28,151
DS2-UHPC-719,480,171,1150,0,0,171,33,156,206,0,0,0,0.262672811,1,20,1,1,1,13,0.2,1,28,157
DS2-UHPC-72,874.9,43.7,1273.4,0,0,202.1,45.9,0,0,0,0,0,0.220008709,1,21,1,1,0,0,0,1,28,100.67
DS2-UHPC-720,480,171,1150,0,0,171,33,156,206,0,0,0,0.262672811,1,210,1,1,1,13,0.2,1,28,172
DS2-UHPC-721,863,216,1079,0,0,177,21.6,0,0,0,0,0,0.164040778,1,23,1,1,0,0,0,1,1,35.68
DS2-UHPC-722,858,216,1079,5.4,0,177,21.6,0,0,0,0,0,0.164804469,1,23,1,1,0,0,0,1,1,42.39
DS2-UHPC-723,852,216,1079,10.8,0,177,21.6,0,0,0,0,0,0.165730337,1,23,1,1,0,0,0,1,1,48.2
DS2-UHPC-724,847,216,1079,16.2,0,177,21.6,0,0,0,0,0,0.166509878,1,23,1,1,0,0,0,1,1,53.38
DS2-UHPC-725,842,216,1079,21.6,0,177,21.6,0,0,0,0,0,0.167296786,1,23,1,1,0,0,0,1,1,53.08
DS2-UHPC-726,863,216,1079,0,0,177,21.6,0,0,0,0,0,0.164040778,1,23,1,1,0,0,0,1,3,75.05
DS2-UHPC-727,858,216,1079,5.4,0,177,21.6,0,0,0,0,0,0.164804469,1,23,1,1,0,0,0,1,3,82.07
DS2-UHPC-728,852,216,1079,10.8,0,177,21.6,0,0,0,0,0,0.165730337,1,23,1,1,0,0,0,1,3,85.12
DS2-UHPC-729,847,216,1079,16.2,0,177,21.6,0,0,0,0,0,0.166509878,1,23,1,1,0,0,0,1,3,87.88
DS2-UHPC-73,612.4,43.7,1273.4,0,0,202.1,45.9,0,0,0,0,262.5,0.308032312,1,21,1,1,0,0,0,1,28,88.59
DS2-UHPC-730,842,216,1079,21.6,0,177,21.6,0,0,0,0,0,0.167296786,1,23,1,1,0,0,0,1,3,82.09
DS2-UHPC-731,863,216,1079,0,0,177,21.6,0,0,0,0,0,0.164040778,1,23,1,1,0,0,0,1,7,92.48
DS2-UHPC-732,858,216,1079,5.4,0,177,21.6,0,0,0,0,0,0.164804469,1,23,1,1,0,0,0,1,7,92.79
DS2-UHPC-733,852,216,1079,10.8,0,177,21.6,0,0,0,0,0,0.165730337,1,23,1,1,0,0,0,1,7,101.64
DS2-UHPC-734,847,216,1079,16.2,0,177,21.6,0,0,0,0,0,0.166509878,1,23,1,1,0,0,0,1,7,106.22
DS2-UHPC-735,842,216,1079,21.6,0,177,21.6,0,0,0,0,0,0.167296786,1,23,1,1,0,0,0,1,7,103.18
DS2-UHPC-736,863,216,1079,0,0,177,21.6,0,0,0,0,0,0.164040778,1,23,1,1,0,0,0,1,28,103.81
DS2-UHPC-737,858,216,1079,5.4,0,177,21.6,0,0,0,0,0,0.164804469,1,23,1,1,0,0,0,1,28,108.09
DS2-UHPC-738,852,216,1079,10.8,0,177,21.6,0,0,0,0,0,0.165730337,1,23,1,1,0,0,0,1,28,113.58
DS2-UHPC-739,847,216,1079,16.2,0,177,21.6,0,0,0,0,0,0.166509878,1,23,1,1,0,0,0,1,28,112.68
DS2-UHPC-74,874.9,43.7,1273.4,0,0,202.1,45.9,39,0,0,0,0,0.220008709,1,21,1,1,1,13,0.2,1,28,115.44
DS2-UHPC-740,842,216,1079,21.6,0,177,21.6,0,0,0,0,0,0.167296786,1,23,1,1,0,0,0,1,28,110.25
DS2-UHPC-741,863,216,1079,0,0,177,21.6,0,0,0,0,0,0.164040778,1,23,1,1,0,0,0,1,28,119.41
DS2-UHPC-742,858,216,1079,5.4,0,177,21.6,0,0,0,0,0,0.164804469,1,23,1,1,0,0,0,1,28,128.26
DS2-UHPC-743,852,216,1079,10.8,0,177,21.6,0,0,0,0,0,0.165730337,1,23,1,1,0,0,0,1,28,129.79
DS2-UHPC-744,847,216,1079,16.2,0,177,21.6,0,0,0,0,0,0.166509878,1,23,1,1,0,0,0,1,28,124
DS2-UHPC-745,842,216,1079,21.6,0,177,21.6,0,0,0,0,0,0.167296786,1,23,1,1,0,0,0,1,28,117.62
DS2-UHPC-746,1251.2,291.3,407.8,0,0,201.4,28.2,0,0,0,0,0,0.130567261,1,23,1,1,0,0,0,1,1,82.81
DS2-UHPC-747,825.8,192.3,444.4,0,0,201.4,10.5,0,0,0,0,486.2,0.197819468,1,23,1,1,0,0,0,1,1,70.14
DS2-UHPC-748,575.6,134,455.7,0,0,201.4,5.1,0,0,0,0,772.2,0.283821871,1,23,1,1,0,0,0,1,1,33.49
DS2-UHPC-749,325.3,75.7,455.4,0,0,201.4,5.2,0,0,0,0,1058.2,0.502244389,1,23,1,1,0,0,0,1,1,28.51
DS2-UHPC-75,612.4,43.7,1273.4,0,0,202.1,45.9,39,0,0,0,262.5,0.308032312,1,21,1,1,1,13,0.2,1,28,100.67
DS2-UHPC-750,1251.2,291.3,407.8,0,0,201.4,28.2,0,0,0,0,0,0.130567261,1,23,1,1,0,0,0,1,3,112.692
DS2-UHPC-751,825.8,192.3,444.4,0,0,201.4,10.5,0,0,0,0,486.2,0.197819468,1,23,1,1,0,0,0,1,3,116.31
DS2-UHPC-752,325.3,75.7,455.4,0,0,201.4,5.2,0,0,0,0,1058.2,0.502244389,1,23,1,1,0,0,0,1,3,54.32
DS2-UHPC-753,1251.2,291.3,407.8,0,0,201.4,28.2,0,0,0,0,0,0.130567261,1,23,1,1,0,0,0,1,7,124.94
DS2-UHPC-754,325.3,75.7,455.4,0,0,201.4,5.2,0,0,0,0,1058.2,0.502244389,1,23,1,1,0,0,0,1,7,75.62
DS2-UHPC-755,1251.2,291.3,407.8,0,0,201.4,28.2,0,0,0,0,0,0.130567261,1,23,1,1,0,0,0,1,14,140.83
DS2-UHPC-756,825.8,192.3,444.4,0,0,201.4,10.5,0,0,0,0,486.2,0.197819468,1,23,1,1,0,0,0,1,14,148.52
DS2-UHPC-757,575.6,134,455.7,0,0,201.4,5.1,0,0,0,0,772.2,0.283821871,1,23,1,1,0,0,0,1,14,142.64
DS2-UHPC-758,325.3,75.7,455.4,0,0,201.4,5.2,0,0,0,0,1058.2,0.502244389,1,23,1,1,0,0,0,1,14,97.84
DS2-UHPC-759,1251.2,291.3,407.8,0,0,201.4,28.2,0,0,0,0,0,0.130567261,1,23,1,1,0,0,0,1,28,147.27
DS2-UHPC-76,699.9,43.7,1273.4,0,175,202.1,45.9,39,0,0,0,0,0.271785906,1,21,1,1,1,13,0.2,1,28,106.71
DS2-UHPC-760,825.8,192.3,444.4,0,0,201.4,10.5,0,0,0,0,486.2,0.197819468,1,23,1,1,0,0,0,1,28,167.18
DS2-UHPC-761,575.6,134,455.7,0,0,201.4,5.1,0,0,0,0,772.2,0.283821871,1,23,1,1,0,0,0,1,28,155.87
DS2-UHPC-762,325.3,75.7,455.4,0,0,201.4,5.2,0,0,0,0,1058.2,0.502244389,1,23,1,1,0,0,0,1,28,113.34
DS2-UHPC-763,1251.2,291.3,407.8,0,0,201.4,28.2,0,0,0,0,0,0.130567261,1,23,1,1,0,0,0,1,56,156.53
DS2-UHPC-764,575.6,134,455.7,0,0,201.4,5.1,0,0,0,0,772.2,0.283821871,1,23,1,1,0,0,0,1,56,171
DS2-UHPC-765,325.3,75.7,455.4,0,0,201.4,5.2,0,0,0,0,1058.2,0.502244389,1,23,1,1,0,0,0,1,56,123.05
DS2-UHPC-766,788.5,433.7,867.4,0,0,160.3,52.6,0,0,0,0,0,0.13115693,1,23,1,1,0,0,0,1,28,195.2
DS2-UHPC-767,788.5,433.7,867.4,0,0,160.3,52.6,156,0,0,0,0,0.13115693,1,23,1,1,1,13,0.2,1,28,220.2
DS2-UHPC-768,788.5,433.7,867.4,0,0,160.3,52.6,156,0,0,0,0,0.13115693,1,23,1,1,1,13,0.2,1,28,209.6
DS2-UHPC-769,788.5,433.7,867.4,0,0,160.3,52.6,156,0,0,0,0,0.13115693,1,23,1,1,1,13,0.2,1,28,201.4
DS2-UHPC-77,874.9,43.7,1273.4,0,0,202.1,45.9,78,0,0,0,0,0.220008709,1,21,1,1,1,13,0.2,1,28,124.83
DS2-UHPC-770,788.5,433.7,867.4,0,0,160.3,52.6,156,0,0,0,0,0.13115693,1,23,1,1,1,13,0.2,1,28,218.4
DS2-UHPC-771,788.5,433.7,867.4,0,0,160.3,52.6,156,0,0,0,0,0.13115693,1,23,1,1,1,13,0.2,1,28,218.5
DS2-UHPC-772,788.5,433.7,867.4,0,0,160.3,52.6,156,0,0,0,0,0.13115693,1,23,1,1,1,13,0.2,1,28,205.1
DS2-UHPC-773,788.5,433.7,867.4,0,0,160.3,52.6,39,0,0,0,0,0.13115693,1,23,1,1,1,13,0.2,1,28,209.4
DS2-UHPC-774,788.5,433.7,867.4,0,0,160.3,52.6,78,0,0,0,0,0.13115693,1,23,1,1,1,13,0.2,1,28,199.6
DS2-UHPC-775,788.5,433.7,867.4,0,0,160.3,52.6,117,0,0,0,0,0.13115693,1,23,1,1,1,13,0.2,1,28,209.7
DS2-UHPC-776,788.5,433.7,867.4,0,0,160.3,52.6,39,0,0,0,0,0.13115693,1,23,1,1,1,13,0.2,1,28,198.6
DS2-UHPC-777,788.5,433.7,867.4,0,0,160.3,52.6,78,0,0,0,0,0.13115693,1,23,1,1,1,13,0.2,1,28,208.4
DS2-UHPC-778,788.5,433.7,867.4,0,0,160.3,52.6,117,0,0,0,0,0.13115693,1,23,1,1,1,13,0.2,1,28,220.5
DS2-UHPC-779,788.5,433.7,867.4,0,0,160.3,52.6,39,0,0,0,0,0.13115693,1,23,1,1,1,13,0.2,1,28,211.2
DS2-UHPC-78,612.4,43.7,1273.4,0,0,202.1,45.9,78,0,0,0,262.5,0.308032312,1,21,1,1,1,13,0.2,1,28,114.09
DS2-UHPC-780,788.5,433.7,867.4,0,0,160.3,52.6,78,0,0,0,0,0.13115693,1,23,1,1,1,13,0.2,1,28,186.7
DS2-UHPC-781,788.5,433.7,867.4,0,0,160.3,52.6,117,0,0,0,0,0.13115693,1,23,1,1,1,13,0.2,1,28,218.1
DS2-UHPC-782,946,71,860,0,0,166,35.76,0,166,0,0,47,0.163225172,1,23,1,1,0,0,0,1,3,120.77
DS2-UHPC-783,784,157,823,0,0,171,39.66,0,0,0,0,235,0.181721573,1,23,1,1,0,0,0,1,3,102.73
DS2-UHPC-784,937,70,851,0,0,164,36.82,78,164,0,0,47,0.16285998,1,23,1,1,1,13,0.2,1,3,108.74
DS2-UHPC-785,777,155,816,0,0,169,40.64,78,0,0,0,233,0.181330472,1,23,1,1,1,13,0.2,1,3,101.09
DS2-UHPC-786,946,71,860,0,0,166,35.76,0,166,0,0,47,0.163225172,1,23,1,1,0,0,0,1,14,131.69
DS2-UHPC-787,784,157,823,0,0,171,39.66,0,0,0,0,235,0.181721573,1,23,1,1,0,0,0,1,14,118.03
DS2-UHPC-788,937,70,851,0,0,164,36.82,78,164,0,0,47,0.16285998,1,23,1,1,1,13,0.2,1,14,123.5
DS2-UHPC-789,777,155,816,0,0,169,40.64,78,0,0,0,233,0.181330472,1,23,1,1,1,13,0.2,1,14,110.93
DS2-UHPC-79,699.9,43.7,1273.4,0,175,202.1,45.9,78,0,0,0,0,0.271785906,1,21,1,1,1,13,0.2,1,28,120.81
DS2-UHPC-790,946,71,860,0,0,166,35.76,0,166,0,0,47,0.163225172,1,23,1,1,0,0,0,1,28,144.81
DS2-UHPC-791,784,157,823,0,0,171,39.66,0,0,0,0,235,0.181721573,1,23,1,1,0,0,0,1,28,127.87
DS2-UHPC-792,937,70,851,0,0,164,36.82,78,164,0,0,47,0.16285998,1,23,1,1,1,13,0.2,1,28,150.82
DS2-UHPC-793,777,155,816,0,0,169,40.64,78,0,0,0,233,0.181330472,1,23,1,1,1,13,0.2,1,28,134.43
DS2-UHPC-794,946,71,860,0,0,166,35.76,0,166,0,0,47,0.163225172,1,23,1,1,0,0,0,1,90,160.66
DS2-UHPC-795,784,157,823,0,0,171,39.66,0,0,0,0,235,0.181721573,1,23,1,1,0,0,0,1,90,150.82
DS2-UHPC-796,937,70,851,0,0,164,36.82,78,164,0,0,47,0.16285998,1,23,1,1,1,13,0.2,1,90,166.67
DS2-UHPC-797,777,155,816,0,0,169,40.64,78,0,0,0,233,0.181330472,1,23,1,1,1,13,0.2,1,90,151.91
DS2-UHPC-798,792,264,1056,0,0,173,21.1,156,0,0,0,0,0.163825758,1,20,1,1,1,13,0.2,1,3,102.86
DS2-UHPC-799,784,261,1045,0,0,171,20.9,234,0,0,0,0,0.163636364,1,20,1,1,1,13,0.2,1,3,106
DS2-UHPC-8,450,90,1539,0,0,144,18,0,0,180,0,180,0.266666667,1,20,1,1,0,0,0,1,28,150
DS2-UHPC-80,874.9,43.7,1273.4,0,0,202.1,45.9,117,0,0,0,0,0.220008709,1,21,1,1,1,13,0.2,1,28,132.22
DS2-UHPC-800,809,270,1079,0,0,177,21.6,0,0,0,0,0,0.164040778,1,20,1,1,0,0,0,1,7,92.77
DS2-UHPC-801,800,267,1067,0,0,175,21.3,78,0,0,0,0,0.164011246,1,20,1,1,1,13,0.2,1,7,110.42
DS2-UHPC-802,792,264,1056,0,0,173,21.1,156,0,0,0,0,0.163825758,1,20,1,1,1,13,0.2,1,7,123.66
DS2-UHPC-803,784,261,1045,0,0,171,20.9,234,0,0,0,0,0.163636364,1,20,1,1,1,13,0.2,1,7,128.07
DS2-UHPC-804,809,270,1079,0,0,177,21.6,0,0,0,0,0,0.164040778,1,20,1,1,0,0,0,1,28,106
DS2-UHPC-805,800,267,1067,0,0,175,21.3,78,0,0,0,0,0.164011246,1,20,1,1,1,13,0.2,1,28,129.96
DS2-UHPC-806,792,264,1056,0,0,173,21.1,156,0,0,0,0,0.163825758,1,20,1,1,1,13,0.2,1,28,150.13
DS2-UHPC-807,784,261,1045,0,0,171,20.9,234,0,0,0,0,0.163636364,1,20,1,1,1,13,0.2,1,28,158.32
DS2-UHPC-808,800,267,1067,0,0,175,21.3,78,0,0,0,0,0.164011246,1,20,1,1,1,13,0.2,1,90,148.87
DS2-UHPC-809,792,264,1056,0,0,173,21.1,156,0,0,0,0,0.163825758,1,20,1,1,1,13,0.2,1,90,161.47
DS2-UHPC-81,612.4,43.7,1273.4,0,0,202.1,45.9,117,0,0,0,262.5,0.308032312,1,21,1,1,1,13,0.2,1,28,126.17
DS2-UHPC-810,784,261,1045,0,0,171,20.9,234,0,0,0,0,0.163636364,1,20,1,1,1,13,0.2,1,90,166.51
DS2-UHPC-82,699.9,43.7,1273.4,0,175,202.1,45.9,117,0,0,0,0,0.271785906,1,21,1,1,1,13,0.2,1,28,130.2
DS2-UHPC-83,874.9,43.7,1273.4,0,0,202.1,45.9,156,0,0,0,0,0.220008709,1,21,1,1,1,13,0.2,1,28,146.31
DS2-UHPC-84,612.4,43.7,1273.4,0,0,202.1,45.9,156,0,0,0,262.5,0.308032312,1,21,1,1,1,13,0.2,1,28,134.23
DS2-UHPC-85,699.9,43.7,1273.4,0,175,202.1,45.9,156,0,0,0,0,0.271785906,1,21,1,1,1,13,0.2,1,28,139.6
DS2-UHPC-86,874.9,43.7,1273.4,0,0,202.1,45.9,195,0,0,0,0,0.220008709,1,21,1,1,1,13,0.2,1,28,155.71
DS2-UHPC-87,612.4,43.7,1273.4,0,0,202.1,45.9,195,0,0,0,262.5,0.308032312,1,21,1,1,1,13,0.2,1,28,141.61
DS2-UHPC-88,699.9,43.7,1273.4,0,175,202.1,45.9,195,0,0,0,0,0.271785906,1,21,1,1,1,13,0.2,1,28,148.32
DS2-UHPC-89,729,124,833,0,397,170,30,156,0,0,0,0,0.1992966,1,23,1,1,1,13,0.2,1,28,166.1
DS2-UHPC-9,270,90,1539,0,0,144,18,0,0,180,0,360,0.4,1,20,1,1,0,0,0,1,28,130
DS2-UHPC-90,401,124,833,0,397,170,30,156,328,0,0,0,0.323809524,1,23,1,1,1,13,0.2,1,28,124.7
DS2-UHPC-91,401,124,833,0,397,170,30,156,0,328,0,0,0.323809524,1,23,1,1,1,13,0.2,1,28,139.4
DS2-UHPC-92,439.5,0,1273.4,0,175.9,175.8,43.9,0,0,0,0,263.7,0.4,1,21,1,1,0,0,0,1,3,49.61
DS2-UHPC-93,435.1,0,1273.4,4.4,175.9,175.8,43.9,0,0,0,0,263.7,0.404045047,1,21,1,1,0,0,0,1,3,50.87
DS2-UHPC-94,430.7,0,1273.4,8.8,175.9,175.8,43.9,0,0,0,0,263.7,0.408172742,1,21,1,1,0,0,0,1,3,54.96
DS2-UHPC-95,426.3,0,1273.4,13.2,175.9,175.8,43.9,0,0,0,0,263.7,0.412385644,1,21,1,1,0,0,0,1,3,56.85
DS2-UHPC-96,421.9,0,1273.4,17.6,175.9,175.8,43.9,0,0,0,0,263.7,0.416686419,1,21,1,1,0,0,0,1,3,57.17
DS2-UHPC-97,417.5,0,1273.4,22,175.9,175.8,43.9,0,0,0,0,263.7,0.421077844,1,21,1,1,0,0,0,1,3,55.91
DS2-UHPC-98,435.1,0,1273.4,4.4,175.9,175.8,43.9,195,0,0,0,263.7,0.404045047,1,21,1,1,1,13,0.2,1,3,70.35
DS2-UHPC-99,430.7,0,1273.4,8.8,175.9,175.8,43.9,195,0,0,0,263.7,0.408172742,1,21,1,1,1,13,0.2,1,3,72.84
DS-UHPC-1,797.78,112.36,1123.63,0,0,224.73,28.09,0,44.95,112.36,56.18,0,0.246918057,1,23,1,1,0,0,0,1,1,68
DS-UHPC-10,797.78,112.36,1123.63,0,0,224.73,28.09,11.9667,44.95,112.36,56.18,0,0.246918057,1,23,1,1,4,18,0.013,1,1,66.5
DS-UHPC-100,922,230,1152,0,0,184,11.52,0,0,0,0,0,0.159722222,1,23,1,1,0,0,0,1,7,109.7
DS-UHPC-101,922,230,1152,0,0,184,11.52,1.844,0,0,0,0,0.159722222,1,23,1,1,4,12,0.018,1,7,112.8
DS-UHPC-102,922,230,1152,0,0,184,11.52,4.61,0,0,0,0,0.159722222,1,23,1,1,4,12,0.018,1,7,115
DS-UHPC-103,922,230,1152,0,0,184,11.52,9.22,0,0,0,0,0.159722222,1,23,1,1,4,12,0.018,1,7,117.9
DS-UHPC-104,922,230,1152,0,0,184,11.52,13.83,0,0,0,0,0.159722222,1,23,1,1,4,12,0.018,1,7,125.1
DS-UHPC-105,922,230,1152,0,0,184,11.52,16.135,0,0,0,0,0.159722222,1,23,1,1,4,12,0.018,1,7,119.3
DS-UHPC-106,922,230,1152,0,0,184,11.52,0,0,0,0,0,0.159722222,1,23,1,1,0,0,0,1,28,156.8
DS-UHPC-107,922,230,1152,0,0,184,11.52,1.844,0,0,0,0,0.159722222,1,23,1,1,4,12,0.018,1,28,158.9
DS-UHPC-108,922,230,1152,0,0,184,11.52,4.61,0,0,0,0,0.159722222,1,23,1,1,4,12,0.018,1,28,163.7
DS-UHPC-109,922,230,1152,0,0,184,11.52,9.22,0,0,0,0,0.159722222,1,23,1,1,4,12,0.018,1,28,167.5
DS-UHPC-11,797.78,112.36,1123.63,0,0,224.73,28.09,11.9667,44.95,112.36,56.18,0,0.246918057,1,23,1,1,4,18,0.013,1,14,108.5
DS-UHPC-110,922,230,1152,0,0,184,11.52,13.83,0,0,0,0,0.159722222,1,23,1,1,4,12,0.018,1,28,168.2
DS-UHPC-111,922,230,1152,0,0,184,11.52,16.135,0,0,0,0,0.159722222,1,23,1,1,4,12,0.018,1,28,163.4
DS-UHPC-112,863,216,1079,0,0,194.22,43.16,0,0,0,0,0,0.18,1,23,1,1,0,0,0,1,28,133.6
DS-UHPC-113,863,216,1079,0,0,194.22,43.16,8.63,0,0,0,0,0.18,1,23,1,1,1,13,0.2,1,28,144.7
DS-UHPC-114,863,216,1079,0,0,194.22,43.16,17.26,0,0,0,0,0.18,1,23,1,1,1,13,0.2,1,28,164.6
DS-UHPC-115,863,216,1079,0,0,194.22,43.16,25.89,0,0,0,0,0.18,1,23,1,1,1,13,0.2,1,28,176.4
DS-UHPC-116,828,207,911,0,248,186.4,21,0,0,0,0,0,0.180096618,1,23,1,1,0,0,0,1,3,103
DS-UHPC-117,828,207,911,0,248,186.4,21,24.84,0,0,0,0,0.180096618,1,23,1,1,1,12,0.2,1,3,136.6
DS-UHPC-118,828,207,911,0,248,186.4,21,8.28,0,0,0,0,0.180096618,1,23,1,1,4,10,0.44,1,3,111.3
DS-UHPC-119,828,207,911,0,248,186.4,21,16.56,0,0,0,0,0.180096618,1,23,1,1,4,10,0.44,1,3,129
DS-UHPC-12,797.78,112.36,1123.63,0,0,224.73,28.09,11.9667,44.95,112.36,56.18,0,0.246918057,1,23,1,1,4,18,0.013,1,28,119.6
DS-UHPC-120,828,207,911,0,248,186.4,21,24.84,0,0,0,0,0.180096618,1,23,1,1,4,10,0.44,1,3,136
DS-UHPC-121,828,207,911,0,248,186.4,21,8.28,0,0,0,0,0.180096618,1,23,1,1,4,10,0.86,1,3,108.3
DS-UHPC-122,828,207,911,0,248,186.4,21,16.56,0,0,0,0,0.180096618,1,23,1,1,4,10,0.86,1,3,112.3
DS-UHPC-123,828,207,911,0,248,186.4,21,24.84,0,0,0,0,0.180096618,1,23,1,1,4,10,0.86,1,3,113.9
DS-UHPC-124,828,207,911,0,248,186.4,21,24.84,0,0,0,0,0.180096618,1,23,1,1,4,20,0.86,1,3,101.5
DS-UHPC-125,828,207,911,0,248,186.4,21,0,0,0,0,0,0.180096618,1,23,1,1,0,0,0,1,7,124.1
DS-UHPC-126,828,207,911,0,248,186.4,21,24.84,0,0,0,0,0.180096618,1,23,1,1,1,12,0.2,1,7,156.8
DS-UHPC-127,828,207,911,0,248,186.4,21,8.28,0,0,0,0,0.180096618,1,23,1,1,4,10,0.44,1,7,135.1
DS-UHPC-128,828,207,911,0,248,186.4,21,16.56,0,0,0,0,0.180096618,1,23,1,1,4,10,0.44,1,7,140.1
DS-UHPC-129,828,207,911,0,248,186.4,21,24.84,0,0,0,0,0.180096618,1,23,1,1,4,10,0.44,1,7,153
DS-UHPC-13,797.78,112.36,1123.63,0,0,224.73,28.09,15.9556,44.95,112.36,56.18,0,0.246918057,1,23,1,1,4,18,0.013,1,1,66.9
DS-UHPC-130,828,207,911,0,248,186.4,21,8.28,0,0,0,0,0.180096618,1,23,1,1,4,10,0.86,1,7,121.8
DS-UHPC-131,828,207,911,0,248,186.4,21,16.56,0,0,0,0,0.180096618,1,23,1,1,4,10,0.86,1,7,123.6
DS-UHPC-132,828,207,911,0,248,186.4,21,24.84,0,0,0,0,0.180096618,1,23,1,1,4,10,0.86,1,7,125.6
DS-UHPC-133,828,207,911,0,248,186.4,21,24.84,0,0,0,0,0.180096618,1,23,1,1,4,20,0.86,1,7,119.3
DS-UHPC-134,828,207,911,0,248,186.4,21,0,0,0,0,0,0.180096618,1,23,1,1,0,0,0,1,28,144.6
DS-UHPC-135,828,207,911,0,248,186.4,21,24.84,0,0,0,0,0.180096618,1,23,1,1,1,12,0.2,1,28,198.9
DS-UHPC-136,828,207,911,0,248,186.4,21,8.28,0,0,0,0,0.180096618,1,23,1,1,4,10,0.44,1,28,155.2
DS-UHPC-137,828,207,911,0,248,186.4,21,16.56,0,0,0,0,0.180096618,1,23,1,1,4,10,0.44,1,28,165.6
DS-UHPC-138,828,207,911,0,248,186.4,21,24.84,0,0,0,0,0.180096618,1,23,1,1,4,10,0.44,1,28,175.3
DS-UHPC-139,828,207,911,0,248,186.4,21,8.28,0,0,0,0,0.180096618,1,23,1,1,4,10,0.86,1,28,150.4
DS-UHPC-14,797.78,112.36,1123.63,0,0,224.73,28.09,15.9556,44.95,112.36,56.18,0,0.246918057,1,23,1,1,4,18,0.013,1,14,108.5
DS-UHPC-140,828,207,911,0,248,186.4,21,16.56,0,0,0,0,0.180096618,1,23,1,1,4,10,0.86,1,28,152.6
DS-UHPC-141,828,207,911,0,248,186.4,21,24.84,0,0,0,0,0.180096618,1,23,1,1,4,10,0.86,1,28,155.1
DS-UHPC-142,828,207,911,0,248,186.4,21,24.84,0,0,0,0,0.180096618,1,23,1,1,4,20,0.86,1,28,148.1
DS-UHPC-143,646,0,1076,0,0,172,10,0,0,430,0,0,0.26625387,1,23,1,1,0,0,0,1,28,115.3
DS-UHPC-144,646,0,1076,0,0,172,10,3.23,0,430,0,0,0.26625387,1,23,1,1,1,13,0.2,1,28,118.8
DS-UHPC-145,646,0,1076,0,0,172,10,6.46,0,430,0,0,0.26625387,1,23,1,1,1,13,0.2,1,28,135.4
DS-UHPC-146,646,0,1076,0,0,172,10,9.69,0,430,0,0,0.26625387,1,23,1,1,1,13,0.2,1,28,138.1
DS-UHPC-147,646,0,1076,0,0,172,10,12.92,0,430,0,0,0.26625387,1,23,1,1,1,13,0.2,1,28,140.8
DS-UHPC-148,646,0,1076,0,0,172,10,16.15,0,430,0,0,0.26625387,1,23,1,1,1,13,0.2,1,28,147.2
DS-UHPC-149,1000,250,1000,0,0,200,50,0,0,0,0,0,0.16,1,23,1,1,0,0,0,1,28,105.5
DS-UHPC-15,797.78,112.36,1123.63,0,0,224.73,28.09,15.9556,44.95,112.36,56.18,0,0.246918057,1,23,1,1,4,18,0.013,1,28,114.8
DS-UHPC-150,1000,250,1000,0,0,200,50,5,0,0,0,0,0.16,1,23,1,1,1,12,0.2,1,28,114.8
DS-UHPC-151,1000,250,1000,0,0,200,50,10,0,0,0,0,0.16,1,23,1,1,1,12,0.2,1,28,129.5
DS-UHPC-152,1000,250,1000,0,0,200,50,15,0,0,0,0,0.16,1,23,1,1,1,12,0.2,1,28,140
DS-UHPC-153,1000,250,1000,0,0,200,50,5,0,0,0,0,0.16,1,23,1,1,4,12,0.018,1,28,151.8
DS-UHPC-154,1000,250,1000,0,0,200,50,10,0,0,0,0,0.16,1,23,1,1,4,12,0.018,1,28,159.6
DS-UHPC-155,1000,250,1000,0,0,200,50,15,0,0,0,0,0.16,1,23,1,1,4,12,0.018,1,28,148.4
DS-UHPC-156,900,108,1000,0,0,161.28,18,0,0,0,0,0,0.16,1,23,1,1,0,0,0,1,28,151
DS-UHPC-157,900,108,1000,0,0,161.28,18,11.25,0,0,0,0,0.16,1,23,1,1,1,35,0.603448276,1,28,154.1
DS-UHPC-158,900,108,1000,0,0,161.28,18,6.21,0,0,0,0,0.16,1,23,1,1,3,48,0.75,1,28,137.8
DS-UHPC-159,900,108,1000,0,0,161.28,18,4.68,0,0,0,0,0.16,1,23,1,1,3,48,0.75,1,28,138.8
DS-UHPC-16,797.78,112.36,1123.63,0,0,224.73,28.09,19.9445,44.95,112.36,56.18,0,0.246918057,1,23,1,1,4,18,0.013,1,1,66.3
DS-UHPC-160,900,108,1000,0,0,161.28,18,3.06,0,0,0,0,0.16,1,23,1,1,3,48,0.75,1,28,125.5
DS-UHPC-161,900,108,1000,0,0,161.28,18,6.21,0,0,0,0,0.16,1,23,1,1,3,54,0.054,1,28,132.7
DS-UHPC-162,900,108,1000,0,0,161.28,18,4.68,0,0,0,0,0.16,1,23,1,1,3,54,0.054,1,28,134.7
DS-UHPC-163,900,108,1000,0,0,161.28,18,3.06,0,0,0,0,0.16,1,23,1,1,3,54,0.054,1,28,139.8
DS-UHPC-164,936,140.4,1170,0,0,224.64,28.08,0,0,0,0,0,0.208695652,1,23,1,1,0,0,0,1,28,140.1
DS-UHPC-165,936,140.4,1170,0,0,224.64,28.08,3.744,0,0,0,0,0.208695652,1,23,1,1,3,12,0.038,1,28,150.3
DS-UHPC-166,936,140.4,1170,0,0,224.64,28.08,7.488,0,0,0,0,0.208695652,1,23,1,1,3,12,0.038,1,28,154.8
DS-UHPC-167,936,140.4,1170,0,0,224.64,28.08,11.232,0,0,0,0,0.208695652,1,23,1,1,3,12,0.038,1,28,160.5
DS-UHPC-168,936,140.4,1170,0,0,224.64,28.08,18.72,0,0,0,0,0.208695652,1,23,1,1,1,13,0.2,1,28,163.8
DS-UHPC-169,833,167,836,0,363,184,24,0,0,0,0,0,0.184,1,23,1,1,0,0,0,1,28,110.6
DS-UHPC-17,797.78,112.36,1123.63,0,0,224.73,28.09,19.9445,44.95,112.36,56.18,0,0.246918057,1,23,1,1,4,18,0.013,1,14,107.9
DS-UHPC-170,833,167,836,0,363,184,24,0,0,0,0,0,0.184,1,23,1,1,0,0,0,1,28,103.3
DS-UHPC-171,833,167,836,0,363,184,24,0,0,0,0,0,0.184,1,23,1,1,0,0,0,1,28,97.2
DS-UHPC-172,833,167,836,0,363,184,24,0,0,0,0,0,0.184,1,23,1,1,0,0,0,1,28,94.6
DS-UHPC-173,833,167,836,0,363,184,24,1.666,0,0,0,0,0.184,1,23,1,1,3,20,0.034,1,28,135.7
DS-UHPC-174,833,167,836,0,363,184,24,1.666,0,0,0,0,0.184,1,23,1,1,3,20,0.034,1,28,135.6
DS-UHPC-175,833,167,836,0,363,184,24,1.666,0,0,0,0,0.184,1,23,1,1,3,20,0.034,1,28,118.7
DS-UHPC-176,833,167,836,0,363,184,24,1.666,0,0,0,0,0.184,1,23,1,1,3,20,0.034,1,28,117.6
DS-UHPC-177,833,167,836,0,363,184,24,3.332,0,0,0,0,0.184,1,23,1,1,3,20,0.034,1,28,118.7
DS-UHPC-178,833,167,836,0,363,184,24,3.332,0,0,0,0,0.184,1,23,1,1,3,20,0.034,1,28,114.7
DS-UHPC-179,833,167,836,0,363,184,24,3.332,0,0,0,0,0.184,1,23,1,1,3,20,0.034,1,28,103.4
DS-UHPC-18,797.78,112.36,1123.63,0,0,224.73,28.09,19.9445,44.95,112.36,56.18,0,0.246918057,1,23,1,1,4,18,0.013,1,28,108.3
DS-UHPC-180,833,167,836,0,363,184,24,3.332,0,0,0,0,0.184,1,23,1,1,3,20,0.034,1,28,91.9
DS-UHPC-181,833,167,836,0,363,184,24,4.998,0,0,0,0,0.184,1,23,1,1,3,20,0.034,1,28,112.3
DS-UHPC-182,833,167,836,0,363,184,24,4.998,0,0,0,0,0.184,1,23,1,1,3,20,0.034,1,28,109.9
DS-UHPC-183,833,167,836,0,363,184,24,4.998,0,0,0,0,0.184,1,23,1,1,3,20,0.034,1,28,102.1
DS-UHPC-184,833,167,836,0,363,184,24,4.998,0,0,0,0,0.184,1,23,1,1,3,20,0.034,1,28,101.1
DS-UHPC-185,875,150,1100,0,0,180,35,6.5625,0,0,0,0,0.175609756,1,23,1,1,4,24,0.023,1,28,129.8
DS-UHPC-186,875,150,1100,0,0,180,35,6.5625,0,0,0,0,0.175609756,1,23,1,1,4,24,0.023,1,28,130.8
DS-UHPC-187,875,150,1100,0,0,180,35,6.5625,0,0,0,0,0.175609756,1,23,1,1,4,24,0.023,1,28,134.9
DS-UHPC-188,875,150,1100,0,0,180,35,8.75,0,0,0,0,0.175609756,1,23,1,1,4,24,0.023,1,28,130.1
DS-UHPC-189,875,150,1100,0,0,180,35,8.75,0,0,0,0,0.175609756,1,23,1,1,4,24,0.023,1,28,125.4
DS-UHPC-19,797.78,112.36,1123.63,0,0,224.73,28.09,3.9889,44.95,112.36,56.18,0,0.246918057,1,23,1,1,3,10,0.023,1,1,72.7
DS-UHPC-190,875,150,1100,0,0,180,35,8.75,0,0,0,0,0.175609756,1,23,1,1,4,24,0.023,1,28,135.1
DS-UHPC-191,683.9,205.2,1025.9,0,218.8,177,8,0,0,0,0,0,0.199077719,1,23,1,1,0,0,0,1,28,99.9
DS-UHPC-192,670.12,201,1005.18,0,214.4,174.23,13.07,10.0518,0,0,0,0,0.200006888,1,23,1,1,5,10,0.01,1,28,106.3
DS-UHPC-193,665.23,199.58,997.9,0,212.88,172.97,12.97,14.63506,0,0,0,0,0.200009251,1,23,1,1,5,10,0.01,1,28,111.5
DS-UHPC-194,701.8,0,1052.7,0,224.6,182.5,12.77,0,0,0,210.5,0,0.260045597,1,23,1,1,0,0,0,1,28,95.7
DS-UHPC-195,687.57,0,1031,0,220,178.8,17.9,10.31355,0,0,206.27,0,0.26004625,1,23,1,1,5,10,0.01,1,28,106.3
DS-UHPC-196,681.43,0,1022,0,218,177,19.5,14.99146,0,0,204.4,0,0.259747883,1,23,1,1,5,10,0.01,1,28,99.9
DS-UHPC-197,998.8,176.25,1010.1,0,0,141,75.2,0,0,0,0,0,0.119994894,1,23,1,1,0,0,0,1,7,137.9
DS-UHPC-198,998.8,176.25,991.1,0,0,141,77.6,4.994,0,0,0,0,0.119994894,1,23,1,1,5,13,0.018,1,7,142.4
DS-UHPC-199,998.8,176.25,975,0,0,141,78.7,9.988,0,0,0,0,0.119994894,1,23,1,1,5,13,0.018,1,7,146.1
DS-UHPC-2,797.78,112.36,1123.63,0,0,224.73,28.09,0,44.95,112.36,56.18,0,0.246918057,1,23,1,1,0,0,0,1,14,106.2
DS-UHPC-20,797.78,112.36,1123.63,0,0,224.73,28.09,3.9889,44.95,112.36,56.18,0,0.246918057,1,23,1,1,3,10,0.023,1,14,108.3
DS-UHPC-200,998.8,176.25,954.5,0,0,141,81.7,14.982,0,0,0,0,0.119994894,1,23,1,1,5,13,0.018,1,7,151.7
DS-UHPC-201,998.8,176.25,942.7,0,0,141,82.8,19.976,0,0,0,0,0.119994894,1,23,1,1,5,13,0.018,1,7,151.1
DS-UHPC-202,998.8,176.25,920.8,0,0,141,84.6,24.97,0,0,0,0,0.119994894,1,23,1,1,5,13,0.018,1,7,151.3
DS-UHPC-203,998.8,176.25,898.7,0,0,141,88.2,29.964,0,0,0,0,0.119994894,1,23,1,1,5,13,0.018,1,7,151.3
DS-UHPC-204,998.8,176.25,1013.9,0,0,164.5,49.4,0,0,0,0,0,0.139994043,1,23,1,1,0,0,0,1,7,129
DS-UHPC-205,998.8,176.25,998,0,0,164.5,49.4,4.994,0,0,0,0,0.139994043,1,23,1,1,5,13,0.018,1,7,131.6
DS-UHPC-206,998.8,176.25,981.9,0,0,164.5,50.5,9.988,0,0,0,0,0.139994043,1,23,1,1,5,13,0.018,1,7,137.6
DS-UHPC-207,998.8,176.25,962.9,0,0,164.5,52.9,14.982,0,0,0,0,0.139994043,1,23,1,1,5,13,0.018,1,7,143.5
DS-UHPC-208,998.8,176.25,946.8,0,0,164.5,54.1,19.976,0,0,0,0,0.139994043,1,23,1,1,5,13,0.018,1,7,143.2
DS-UHPC-209,998.8,176.25,930.6,0,0,164.5,55.2,24.97,0,0,0,0,0.139994043,1,23,1,1,5,13,0.018,1,7,143.2
DS-UHPC-21,797.78,112.36,1123.63,0,0,224.73,28.09,3.9889,44.95,112.36,56.18,0,0.246918057,1,23,1,1,3,10,0.023,1,28,126.8
DS-UHPC-210,998.8,176.25,900.1,0,0,164.5,62.3,29.964,0,0,0,0,0.139994043,1,23,1,1,5,13,0.018,1,7,143
DS-UHPC-211,998.8,176.25,1010.1,0,0,141,75.2,0,0,0,0,0,0.119994894,1,23,1,1,0,0,0,1,14,153.3
DS-UHPC-212,998.8,176.25,991.1,0,0,141,77.6,4.994,0,0,0,0,0.119994894,1,23,1,1,5,13,0.018,1,14,157.5
DS-UHPC-213,998.8,176.25,975,0,0,141,78.7,9.988,0,0,0,0,0.119994894,1,23,1,1,5,13,0.018,1,14,162
DS-UHPC-214,998.8,176.25,954.5,0,0,141,81.7,14.982,0,0,0,0,0.119994894,1,23,1,1,5,13,0.018,1,14,164.3
DS-UHPC-215,998.8,176.25,942.7,0,0,141,82.8,19.976,0,0,0,0,0.119994894,1,23,1,1,5,13,0.018,1,14,164.2
DS-UHPC-216,998.8,176.25,920.8,0,0,141,84.6,24.97,0,0,0,0,0.119994894,1,23,1,1,5,13,0.018,1,14,164.2
DS-UHPC-217,998.8,176.25,898.7,0,0,141,88.2,29.964,0,0,0,0,0.119994894,1,23,1,1,5,13,0.018,1,14,163.8
DS-UHPC-218,998.8,176.25,1013.9,0,0,164.5,49.4,0,0,0,0,0,0.139994043,1,23,1,1,0,0,0,1,14,146.1
DS-UHPC-219,998.8,176.25,998,0,0,164.5,49.4,4.994,0,0,0,0,0.139994043,1,23,1,1,5,13,0.018,1,14,147.5
DS-UHPC-22,797.78,112.36,1123.63,0,0,224.73,28.09,7.9778,44.95,112.36,56.18,0,0.246918057,1,23,1,1,3,10,0.023,1,1,72.1
DS-UHPC-220,998.8,176.25,981.9,0,0,164.5,50.5,9.988,0,0,0,0,0.139994043,1,23,1,1,5,13,0.018,1,14,152
DS-UHPC-221,998.8,176.25,962.9,0,0,164.5,52.9,14.982,0,0,0,0,0.139994043,1,23,1,1,5,13,0.018,1,14,158.7
DS-UHPC-222,998.8,176.25,946.8,0,0,164.5,54.1,19.976,0,0,0,0,0.139994043,1,23,1,1,5,13,0.018,1,14,158.4
DS-UHPC-223,998.8,176.25,930.6,0,0,164.5,55.2,24.97,0,0,0,0,0.139994043,1,23,1,1,5,13,0.018,1,14,158.2
DS-UHPC-224,998.8,176.25,900.1,0,0,164.5,62.3,29.964,0,0,0,0,0.139994043,1,23,1,1,5,13,0.018,1,14,158.2
DS-UHPC-225,998.8,176.25,1010.1,0,0,141,75.2,0,0,0,0,0,0.119994894,1,23,1,1,0,0,0,1,28,167.6
DS-UHPC-226,998.8,176.25,991.1,0,0,141,77.6,4.994,0,0,0,0,0.119994894,1,23,1,1,5,13,0.018,1,28,169.1
DS-UHPC-227,998.8,176.25,975,0,0,141,78.7,9.988,0,0,0,0,0.119994894,1,23,1,1,5,13,0.018,1,28,181
DS-UHPC-228,998.8,176.25,954.5,0,0,141,81.7,14.982,0,0,0,0,0.119994894,1,23,1,1,5,13,0.018,1,28,184.4
DS-UHPC-229,998.8,176.25,942.7,0,0,141,82.8,19.976,0,0,0,0,0.119994894,1,23,1,1,5,13,0.018,1,28,183.5
DS-UHPC-23,797.78,112.36,1123.63,0,0,224.73,28.09,7.9778,44.95,112.36,56.18,0,0.246918057,1,23,1,1,3,10,0.023,1,14,105.3
DS-UHPC-230,998.8,176.25,920.8,0,0,141,84.6,24.97,0,0,0,0,0.119994894,1,23,1,1,5,13,0.018,1,28,183.5
DS-UHPC-231,998.8,176.25,898.7,0,0,141,88.2,29.964,0,0,0,0,0.119994894,1,23,1,1,5,13,0.018,1,28,183.4
DS-UHPC-232,998.8,176.25,1013.9,0,0,164.5,49.4,0,0,0,0,0,0.139994043,1,23,1,1,0,0,0,1,28,162.2
DS-UHPC-233,998.8,176.25,998,0,0,164.5,49.4,4.994,0,0,0,0,0.139994043,1,23,1,1,5,13,0.018,1,28,164.5
DS-UHPC-234,998.8,176.25,981.9,0,0,164.5,50.5,9.988,0,0,0,0,0.139994043,1,23,1,1,5,13,0.018,1,28,178.6
DS-UHPC-235,998.8,176.25,962.9,0,0,164.5,52.9,14.982,0,0,0,0,0.139994043,1,23,1,1,5,13,0.018,1,28,180.1
DS-UHPC-236,998.8,176.25,946.8,0,0,164.5,54.1,19.976,0,0,0,0,0.139994043,1,23,1,1,5,13,0.018,1,28,180.1
DS-UHPC-237,998.8,176.25,930.6,0,0,164.5,55.2,24.97,0,0,0,0,0.139994043,1,23,1,1,5,13,0.018,1,28,180.1
DS-UHPC-238,998.8,176.25,900.1,0,0,164.5,62.3,29.964,0,0,0,0,0.139994043,1,23,1,1,5,13,0.018,1,28,179.9
DS-UHPC-239,850,212.5,935,0,255,212.5,21.2,0,0,0,0,0,0.2,1,23,1,1,0,0,0,1,28,144.6
DS-UHPC-24,797.78,112.36,1123.63,0,0,224.73,28.09,7.9778,44.95,112.36,56.18,0,0.246918057,1,23,1,1,3,10,0.023,1,28,121
DS-UHPC-240,850,212.5,935,0,255,212.5,21.2,0.85,0,0,0,0,0.2,1,23,1,1,4,9,0.013,1,28,149.8
DS-UHPC-241,850,212.5,935,0,255,212.5,21.2,2.55,0,0,0,0,0.2,1,23,1,1,4,9,0.013,1,28,153.2
DS-UHPC-242,850,212.5,935,0,255,212.5,21.2,4.25,0,0,0,0,0.2,1,23,1,1,4,9,0.013,1,28,141.7
DS-UHPC-243,850,212.5,935,0,255,212.5,21.2,5.95,0,0,0,0,0.2,1,23,1,1,4,9,0.013,1,28,137.1
DS-UHPC-244,850,212.5,935,0,255,212.5,21.2,2.55,0,0,0,0,0.2,1,23,1,1,3,9,0.017,1,28,138.9
DS-UHPC-245,850,212.5,935,0,255,212.5,21.2,25.5,0,0,0,0,0.2,1,23,1,1,4,10,0.4,1,28,148.6
DS-UHPC-246,850,212.5,935,0,255,212.5,21.2,25.5,0,0,0,0,0.2,1,23,1,1,3,15,0.6,1,28,165
DS-UHPC-247,853,170.6,1023.6,0,255.9,196.19,29.86,0,0,0,0,0,0.191666667,1,23,1,1,0,0,0,1,7,137.9
DS-UHPC-248,853,170.6,1023.6,0,255.9,196.19,29.86,0,0,0,0,0,0.191666667,1,23,1,1,0,0,0,1,14,149.5
DS-UHPC-249,853,170.6,1023.6,0,255.9,196.19,29.86,0,0,0,0,0,0.191666667,1,23,1,1,0,0,0,1,28,158.9
DS-UHPC-25,797.78,112.36,1123.63,0,0,224.73,28.09,11.9667,44.95,112.36,56.18,0,0.246918057,1,23,1,1,3,10,0.023,1,1,70.1
DS-UHPC-250,853,170.6,1023.6,0,255.9,196.19,29.86,0,0,0,0,0,0.191666667,1,23,1,1,0,0,0,1,56,168.4
DS-UHPC-251,853,170.6,1023.6,0,255.9,196.19,29.86,8.53,0,0,0,0,0.191666667,1,23,1,1,1,8,0.2,1,7,142.1
DS-UHPC-252,853,170.6,1023.6,0,255.9,196.19,29.86,8.53,0,0,0,0,0.191666667,1,23,1,1,1,8,0.2,1,14,154.7
DS-UHPC-253,853,170.6,1023.6,0,255.9,196.19,29.86,8.53,0,0,0,0,0.191666667,1,23,1,1,1,8,0.2,1,28,164.2
DS-UHPC-254,853,170.6,1023.6,0,255.9,196.19,29.86,8.53,0,0,0,0,0.191666667,1,23,1,1,1,8,0.2,1,56,173.7
DS-UHPC-255,853,170.6,1023.6,0,255.9,196.19,29.86,25.59,0,0,0,0,0.191666667,1,23,1,1,1,8,0.2,1,7,149.5
DS-UHPC-256,853,170.6,1023.6,0,255.9,196.19,29.86,25.59,0,0,0,0,0.191666667,1,23,1,1,1,8,0.2,1,14,162.1
DS-UHPC-257,853,170.6,1023.6,0,255.9,196.19,29.86,25.59,0,0,0,0,0.191666667,1,23,1,1,1,8,0.2,1,28,172.6
DS-UHPC-258,853,170.6,1023.6,0,255.9,196.19,29.86,25.59,0,0,0,0,0.191666667,1,23,1,1,1,8,0.2,1,56,183.2
DS-UHPC-259,853,170.6,1023.6,0,255.9,196.19,29.86,51.18,0,0,0,0,0.191666667,1,23,1,1,1,8,0.2,1,7,155.8
DS-UHPC-26,797.78,112.36,1123.63,0,0,224.73,28.09,11.9667,44.95,112.36,56.18,0,0.246918057,1,23,1,1,3,10,0.023,1,14,106.3
DS-UHPC-260,853,170.6,1023.6,0,255.9,196.19,29.86,51.18,0,0,0,0,0.191666667,1,23,1,1,1,8,0.2,1,14,168.4
DS-UHPC-261,853,170.6,1023.6,0,255.9,196.19,29.86,51.18,0,0,0,0,0.191666667,1,23,1,1,1,8,0.2,1,28,180
DS-UHPC-262,853,170.6,1023.6,0,255.9,196.19,29.86,51.18,0,0,0,0,0.191666667,1,23,1,1,1,8,0.2,1,56,190.5
DS-UHPC-263,853,170.6,1023.6,0,255.9,196.19,29.86,8.53,0,0,0,0,0.191666667,1,23,1,1,1,12,0.2,1,7,142.1
DS-UHPC-264,853,170.6,1023.6,0,255.9,196.19,29.86,8.53,0,0,0,0,0.191666667,1,23,1,1,1,12,0.2,1,14,156.8
DS-UHPC-265,853,170.6,1023.6,0,255.9,196.19,29.86,8.53,0,0,0,0,0.191666667,1,23,1,1,1,12,0.2,1,28,166.3
DS-UHPC-266,853,170.6,1023.6,0,255.9,196.19,29.86,8.53,0,0,0,0,0.191666667,1,23,1,1,1,12,0.2,1,56,173.7
DS-UHPC-267,853,170.6,1023.6,0,255.9,196.19,29.86,25.59,0,0,0,0,0.191666667,1,23,1,1,1,12,0.2,1,7,148.4
DS-UHPC-268,853,170.6,1023.6,0,255.9,196.19,29.86,25.59,0,0,0,0,0.191666667,1,23,1,1,1,12,0.2,1,14,163.2
DS-UHPC-269,853,170.6,1023.6,0,255.9,196.19,29.86,25.59,0,0,0,0,0.191666667,1,23,1,1,1,12,0.2,1,28,174.7
DS-UHPC-27,797.78,112.36,1123.63,0,0,224.73,28.09,11.9667,44.95,112.36,56.18,0,0.246918057,1,23,1,1,3,10,0.023,1,28,119.7
DS-UHPC-270,853,170.6,1023.6,0,255.9,196.19,29.86,25.59,0,0,0,0,0.191666667,1,23,1,1,1,12,0.2,1,56,185.3
DS-UHPC-271,853,170.6,1023.6,0,255.9,196.19,29.86,51.18,0,0,0,0,0.191666667,1,23,1,1,1,12,0.2,1,7,154.7
DS-UHPC-272,853,170.6,1023.6,0,255.9,196.19,29.86,51.18,0,0,0,0,0.191666667,1,23,1,1,1,12,0.2,1,14,167.4
DS-UHPC-273,853,170.6,1023.6,0,255.9,196.19,29.86,51.18,0,0,0,0,0.191666667,1,23,1,1,1,12,0.2,1,28,182.1
DS-UHPC-274,853,170.6,1023.6,0,255.9,196.19,29.86,51.18,0,0,0,0,0.191666667,1,23,1,1,1,12,0.2,1,56,193.7
DS-UHPC-275,853,170.6,1023.6,0,255.9,196.19,29.86,8.53,0,0,0,0,0.191666667,1,23,1,1,1,16,0.2,1,7,144.2
DS-UHPC-276,853,170.6,1023.6,0,255.9,196.19,29.86,8.53,0,0,0,0,0.191666667,1,23,1,1,1,16,0.2,1,14,155.8
DS-UHPC-277,853,170.6,1023.6,0,255.9,196.19,29.86,8.53,0,0,0,0,0.191666667,1,23,1,1,1,16,0.2,1,28,167.4
DS-UHPC-278,853,170.6,1023.6,0,255.9,196.19,29.86,8.53,0,0,0,0,0.191666667,1,23,1,1,1,16,0.2,1,56,175.8
DS-UHPC-279,853,170.6,1023.6,0,255.9,196.19,29.86,25.59,0,0,0,0,0.191666667,1,23,1,1,1,16,0.2,1,7,150.5
DS-UHPC-28,797.78,112.36,1123.63,0,0,224.73,28.09,15.9556,44.95,112.36,56.18,0,0.246918057,1,23,1,1,3,10,0.023,1,1,68.5
DS-UHPC-280,853,170.6,1023.6,0,255.9,196.19,29.86,25.59,0,0,0,0,0.191666667,1,23,1,1,1,16,0.2,1,14,160
DS-UHPC-281,853,170.6,1023.6,0,255.9,196.19,29.86,25.59,0,0,0,0,0.191666667,1,23,1,1,1,16,0.2,1,28,173.7
DS-UHPC-282,853,170.6,1023.6,0,255.9,196.19,29.86,25.59,0,0,0,0,0.191666667,1,23,1,1,1,16,0.2,1,56,184.2
DS-UHPC-283,853,170.6,1023.6,0,255.9,196.19,29.86,51.18,0,0,0,0,0.191666667,1,23,1,1,1,16,0.2,1,7,156.8
DS-UHPC-284,853,170.6,1023.6,0,255.9,196.19,29.86,51.18,0,0,0,0,0.191666667,1,23,1,1,1,16,0.2,1,14,171.6
DS-UHPC-285,853,170.6,1023.6,0,255.9,196.19,29.86,51.18,0,0,0,0,0.191666667,1,23,1,1,1,16,0.2,1,28,178.9
DS-UHPC-286,853,170.6,1023.6,0,255.9,196.19,29.86,51.18,0,0,0,0,0.191666667,1,23,1,1,1,16,0.2,1,56,194.7
DS-UHPC-287,890,0,1401.2,0,0,178,30.2,0,0,0,0,0,0.2,1,23,1,1,0,0,0,1,1,67.2
DS-UHPC-288,890,0,1401.2,0,0,178,30.2,0,0,0,0,0,0.2,1,23,1,1,0,0,0,1,1,83.6
DS-UHPC-289,845.5,44.5,1401.2,0,0,178,30.2,0,0,0,0,0,0.2,1,23,1,1,0,0,0,1,1,83.9
DS-UHPC-29,797.78,112.36,1123.63,0,0,224.73,28.09,15.9556,44.95,112.36,56.18,0,0.246918057,1,23,1,1,3,10,0.023,1,14,105.7
DS-UHPC-290,801,89,1401.2,0,0,178,30.2,0,0,0,0,0,0.2,1,23,1,1,0,0,0,1,1,85.8
DS-UHPC-291,756.5,133.5,1401.2,0,0,178,30.2,0,0,0,0,0,0.2,1,23,1,1,0,0,0,1,1,83.2
DS-UHPC-292,712,178,1401.2,0,0,178,30.2,0,0,0,0,0,0.2,1,23,1,1,0,0,0,1,1,68.1
DS-UHPC-293,845.5,44.5,1401.2,0,0,178,30.2,0,0,0,0,0,0.2,1,23,1,1,0,0,0,1,1,88.4
DS-UHPC-294,712,0,1401.2,0,0,178,30.2,0,178,0,0,0,0.25,1,23,1,1,0,0,0,1,1,60.2
DS-UHPC-295,667.5,44.5,1401.2,0,0,178,30.2,0,178,0,0,0,0.25,1,23,1,1,0,0,0,1,1,62
DS-UHPC-296,1009,0,1456.8,0,0,201.8,34.2,0,0,0,0,0,0.2,1,23,1,1,0,0,0,1,1,82.6
DS-UHPC-297,1009,0,1456.8,0,0,201.8,34.2,0,0,0,0,0,0.2,1,23,1,1,0,0,0,1,1,81.3
DS-UHPC-298,958.55,50.45,1456.8,0,0,201.8,34.2,0,0,0,0,0,0.2,1,23,1,1,0,0,0,1,1,96.4
DS-UHPC-299,756.75,50.45,1456.8,0,0,201.8,34.2,0,201.8,0,0,0,0.25,1,23,1,1,0,0,0,1,1,59.8
DS-UHPC-3,797.78,112.36,1123.63,0,0,224.73,28.09,0,44.95,112.36,56.18,0,0.246918057,1,23,1,1,0,0,0,1,28,120.4
DS-UHPC-30,797.78,112.36,1123.63,0,0,224.73,28.09,15.9556,44.95,112.36,56.18,0,0.246918057,1,23,1,1,3,10,0.023,1,28,117.7
DS-UHPC-300,890,0,1401.2,0,0,178,30.2,0,0,0,0,0,0.2,1,23,1,1,0,0,0,1,1,68.6
DS-UHPC-301,890,0,1401.2,0,0,178,30.2,0,0,0,0,0,0.2,1,23,1,1,0,0,0,1,1,81.4
DS-UHPC-302,845.5,44.5,1401.2,0,0,178,30.2,0,0,0,0,0,0.2,1,23,1,1,0,0,0,1,1,85
DS-UHPC-303,801,89,1401.2,0,0,178,30.2,0,0,0,0,0,0.2,1,23,1,1,0,0,0,1,1,87.9
DS-UHPC-304,756.5,133.5,1401.2,0,0,178,30.2,0,0,0,0,0,0.2,1,23,1,1,0,0,0,1,1,80.2
DS-UHPC-305,712,178,1401.2,0,0,178,30.2,0,0,0,0,0,0.2,1,23,1,1,0,0,0,1,1,72.9
DS-UHPC-306,845.5,44.5,1401.2,0,0,178,30.2,0,0,0,0,0,0.2,1,23,1,1,0,0,0,1,1,89.3
DS-UHPC-307,712,0,1401.2,0,0,178,30.2,0,178,0,0,0,0.25,1,23,1,1,0,0,0,1,1,62.4
DS-UHPC-308,667.5,44.5,1401.2,0,0,178,30.2,0,178,0,0,0,0.25,1,23,1,1,0,0,0,1,1,60.1
DS-UHPC-309,1009,0,1456.8,0,0,201.8,34.2,0,0,0,0,0,0.2,1,23,1,1,0,0,0,1,1,85.2
DS-UHPC-31,797.78,112.36,1123.63,0,0,224.73,28.09,19.9445,44.95,112.36,56.18,0,0.246918057,1,23,1,1,3,10,0.023,1,1,65.2
DS-UHPC-310,1009,0,1456.8,0,0,201.8,34.2,0,0,0,0,0,0.2,1,23,1,1,0,0,0,1,1,87.5
DS-UHPC-311,958.55,50.45,1456.8,0,0,201.8,34.2,0,0,0,0,0,0.2,1,23,1,1,0,0,0,1,1,93.7
DS-UHPC-312,756.75,50.45,1456.8,0,0,201.8,34.2,0,201.8,0,0,0,0.25,1,23,1,1,0,0,0,1,1,62
DS-UHPC-313,890,0,1401.2,0,0,178,30.2,0,0,0,0,0,0.2,1,23,1,1,0,0,0,1,1,68.6
DS-UHPC-314,890,0,1401.2,0,0,178,30.2,0,0,0,0,0,0.2,1,23,1,1,0,0,0,1,1,79.9
DS-UHPC-315,845.5,44.5,1401.2,0,0,178,30.2,0,0,0,0,0,0.2,1,23,1,1,0,0,0,1,1,84.8
DS-UHPC-316,801,89,1401.2,0,0,178,30.2,0,0,0,0,0,0.2,1,23,1,1,0,0,0,1,1,88.6
DS-UHPC-317,756.5,133.5,1401.2,0,0,178,30.2,0,0,0,0,0,0.2,1,23,1,1,0,0,0,1,1,81
DS-UHPC-318,712,178,1401.2,0,0,178,30.2,0,0,0,0,0,0.2,1,23,1,1,0,0,0,1,1,74.2
DS-UHPC-319,845.5,44.5,1401.2,0,0,178,30.2,0,0,0,0,0,0.2,1,23,1,1,0,0,0,1,1,91.9
DS-UHPC-32,797.78,112.36,1123.63,0,0,224.73,28.09,19.9445,44.95,112.36,56.18,0,0.246918057,1,23,1,1,3,10,0.023,1,14,103.4
DS-UHPC-320,712,0,1401.2,0,0,178,30.2,0,178,0,0,0,0.25,1,23,1,1,0,0,0,1,1,63.5
DS-UHPC-321,667.5,44.5,1401.2,0,0,178,30.2,0,178,0,0,0,0.25,1,23,1,1,0,0,0,1,1,60.9
DS-UHPC-322,1009,0,1456.8,0,0,201.8,34.2,0,0,0,0,0,0.2,1,23,1,1,0,0,0,1,1,84.4
DS-UHPC-323,1009,0,1456.8,0,0,201.8,34.2,0,0,0,0,0,0.2,1,23,1,1,0,0,0,1,1,84.8
DS-UHPC-324,958.55,50.45,1456.8,0,0,201.8,34.2,0,0,0,0,0,0.2,1,23,1,1,0,0,0,1,1,92.5
DS-UHPC-325,756.75,50.45,1456.8,0,0,201.8,34.2,0,201.8,0,0,0,0.25,1,23,1,1,0,0,0,1,1,61.3
DS-UHPC-326,890,0,1401.2,0,0,178,30.2,0,0,0,0,0,0.2,1,23,1,1,0,0,0,1,7,111.3
DS-UHPC-327,890,0,1401.2,0,0,178,30.2,0,0,0,0,0,0.2,1,23,1,1,0,0,0,1,7,112.2
DS-UHPC-328,845.5,44.5,1401.2,0,0,178,30.2,0,0,0,0,0,0.2,1,23,1,1,0,0,0,1,7,120.9
DS-UHPC-329,801,89,1401.2,0,0,178,30.2,0,0,0,0,0,0.2,1,23,1,1,0,0,0,1,7,117.3
DS-UHPC-33,797.78,112.36,1123.63,0,0,224.73,28.09,19.9445,44.95,112.36,56.18,0,0.246918057,1,23,1,1,3,10,0.023,1,28,109.9
DS-UHPC-330,756.5,133.5,1401.2,0,0,178,30.2,0,0,0,0,0,0.2,1,23,1,1,0,0,0,1,7,112.6
DS-UHPC-331,712,178,1401.2,0,0,178,30.2,0,0,0,0,0,0.2,1,23,1,1,0,0,0,1,7,110.6
DS-UHPC-332,845.5,44.5,1401.2,0,0,178,30.2,0,0,0,0,0,0.2,1,23,1,1,0,0,0,1,7,118.3
DS-UHPC-333,712,0,1401.2,0,0,178,30.2,0,178,0,0,0,0.25,1,23,1,1,0,0,0,1,7,115.6
DS-UHPC-334,623,0,1401.2,0,0,178,30.2,0,267,0,0,0,0.285714286,1,23,1,1,0,0,0,1,7,117.3
DS-UHPC-335,534,0,1401.2,0,0,178,30.2,0,356,0,0,0,0.333333333,1,23,1,1,0,0,0,1,7,84.1
DS-UHPC-336,667.5,44.5,1401.2,0,0,178,30.2,0,178,0,0,0,0.25,1,23,1,1,0,0,0,1,7,107.2
DS-UHPC-337,1009,0,1456.8,0,0,201.8,34.2,0,0,0,0,0,0.2,1,23,1,1,0,0,0,1,7,116.2
DS-UHPC-338,1009,0,1456.8,0,0,201.8,34.2,0,0,0,0,0,0.2,1,23,1,1,0,0,0,1,7,117.5
DS-UHPC-339,958.55,50.45,1456.8,0,0,201.8,34.2,0,0,0,0,0,0.2,1,23,1,1,0,0,0,1,7,119
DS-UHPC-34,797.78,112.36,1123.63,0,0,224.73,28.09,3.9889,44.95,112.36,56.18,0,0.246918057,1,23,1,1,5,12,0.01,1,1,75.4
DS-UHPC-340,756.75,50.45,1456.8,0,0,201.8,34.2,0,201.8,0,0,0,0.25,1,23,1,1,0,0,0,1,7,115.8
DS-UHPC-341,890,0,1401.2,0,0,178,30.2,0,0,0,0,0,0.2,1,23,1,1,0,0,0,1,7,110.4
DS-UHPC-342,890,0,1401.2,0,0,178,30.2,0,0,0,0,0,0.2,1,23,1,1,0,0,0,1,7,112.5
DS-UHPC-343,845.5,44.5,1401.2,0,0,178,30.2,0,0,0,0,0,0.2,1,23,1,1,0,0,0,1,7,121.3
DS-UHPC-344,801,89,1401.2,0,0,178,30.2,0,0,0,0,0,0.2,1,23,1,1,0,0,0,1,7,118.6
DS-UHPC-345,756.5,133.5,1401.2,0,0,178,30.2,0,0,0,0,0,0.2,1,23,1,1,0,0,0,1,7,111.3
DS-UHPC-346,712,178,1401.2,0,0,178,30.2,0,0,0,0,0,0.2,1,23,1,1,0,0,0,1,7,110.9
DS-UHPC-347,845.5,44.5,1401.2,0,0,178,30.2,0,0,0,0,0,0.2,1,23,1,1,0,0,0,1,7,121.9
DS-UHPC-348,712,0,1401.2,0,0,178,30.2,0,178,0,0,0,0.25,1,23,1,1,0,0,0,1,7,111.1
DS-UHPC-349,623,0,1401.2,0,0,178,30.2,0,267,0,0,0,0.285714286,1,23,1,1,0,0,0,1,7,115.2
DS-UHPC-35,797.78,112.36,1123.63,0,0,224.73,28.09,3.9889,44.95,112.36,56.18,0,0.246918057,1,23,1,1,5,12,0.01,1,14,110.3
DS-UHPC-350,534,0,1401.2,0,0,178,30.2,0,356,0,0,0,0.333333333,1,23,1,1,0,0,0,1,7,88.4
DS-UHPC-351,667.5,44.5,1401.2,0,0,178,30.2,0,178,0,0,0,0.25,1,23,1,1,0,0,0,1,7,109
DS-UHPC-352,1009,0,1456.8,0,0,201.8,34.2,0,0,0,0,0,0.2,1,23,1,1,0,0,0,1,7,119.5
DS-UHPC-353,1009,0,1456.8,0,0,201.8,34.2,0,0,0,0,0,0.2,1,23,1,1,0,0,0,1,7,117.8
DS-UHPC-354,958.55,50.45,1456.8,0,0,201.8,34.2,0,0,0,0,0,0.2,1,23,1,1,0,0,0,1,7,116
DS-UHPC-355,756.75,50.45,1456.8,0,0,201.8,34.2,0,201.8,0,0,0,0.25,1,23,1,1,0,0,0,1,7,118.3
DS-UHPC-356,890,0,1401.2,0,0,178,30.2,0,0,0,0,0,0.2,1,23,1,1,0,0,0,1,7,109.8
DS-UHPC-357,890,0,1401.2,0,0,178,30.2,0,0,0,0,0,0.2,1,23,1,1,0,0,0,1,7,112.8
DS-UHPC-358,845.5,44.5,1401.2,0,0,178,30.2,0,0,0,0,0,0.2,1,23,1,1,0,0,0,1,7,124
DS-UHPC-359,801,89,1401.2,0,0,178,30.2,0,0,0,0,0,0.2,1,23,1,1,0,0,0,1,7,119.5
DS-UHPC-36,797.78,112.36,1123.63,0,0,224.73,28.09,3.9889,44.95,112.36,56.18,0,0.246918057,1,23,1,1,5,12,0.01,1,28,128.4
DS-UHPC-360,756.5,133.5,1401.2,0,0,178,30.2,0,0,0,0,0,0.2,1,23,1,1,0,0,0,1,7,111.5
DS-UHPC-361,712,178,1401.2,0,0,178,30.2,0,0,0,0,0,0.2,1,23,1,1,0,0,0,1,7,110.8
DS-UHPC-362,845.5,44.5,1401.2,0,0,178,30.2,0,0,0,0,0,0.2,1,23,1,1,0,0,0,1,7,127.5
DS-UHPC-363,712,0,1401.2,0,0,178,30.2,0,178,0,0,0,0.25,1,23,1,1,0,0,0,1,7,117
DS-UHPC-364,623,0,1401.2,0,0,178,30.2,0,267,0,0,0,0.285714286,1,23,1,1,0,0,0,1,7,118.2
DS-UHPC-365,534,0,1401.2,0,0,178,30.2,0,356,0,0,0,0.333333333,1,23,1,1,0,0,0,1,7,90.2
DS-UHPC-366,667.5,44.5,1401.2,0,0,178,30.2,0,178,0,0,0,0.25,1,23,1,1,0,0,0,1,7,105.3
DS-UHPC-367,1009,0,1456.8,0,0,201.8,34.2,0,0,0,0,0,0.2,1,23,1,1,0,0,0,1,7,120.5
DS-UHPC-368,1009,0,1456.8,0,0,201.8,34.2,0,0,0,0,0,0.2,1,23,1,1,0,0,0,1,7,119.2
DS-UHPC-369,958.55,50.45,1456.8,0,0,201.8,34.2,0,0,0,0,0,0.2,1,23,1,1,0,0,0,1,7,121.3
DS-UHPC-37,797.78,112.36,1123.63,0,0,224.73,28.09,7.9778,44.95,112.36,56.18,0,0.246918057,1,23,1,1,5,12,0.01,1,1,74.8
DS-UHPC-370,756.75,50.45,1456.8,0,0,201.8,34.2,0,201.8,0,0,0,0.25,1,23,1,1,0,0,0,1,7,117.6
DS-UHPC-371,890,0,1401.2,0,0,178,30.2,0,0,0,0,0,0.2,1,23,1,1,0,0,0,1,28,122.1
DS-UHPC-372,890,0,1401.2,0,0,178,30.2,0,0,0,0,0,0.2,1,23,1,1,0,0,0,1,28,131.8
DS-UHPC-373,845.5,44.5,1401.2,0,0,178,30.2,0,0,0,0,0,0.2,1,23,1,1,0,0,0,1,28,134
DS-UHPC-374,801,89,1401.2,0,0,178,30.2,0,0,0,0,0,0.2,1,23,1,1,0,0,0,1,28,134.6
DS-UHPC-375,756.5,133.5,1401.2,0,0,178,30.2,0,0,0,0,0,0.2,1,23,1,1,0,0,0,1,28,136.3
DS-UHPC-376,712,178,1401.2,0,0,178,30.2,0,0,0,0,0,0.2,1,23,1,1,0,0,0,1,28,127.6
DS-UHPC-377,845.5,44.5,1401.2,0,0,178,30.2,0,0,0,0,0,0.2,1,23,1,1,0,0,0,1,28,134.8
DS-UHPC-378,712,0,1401.2,0,0,178,30.2,0,178,0,0,0,0.25,1,23,1,1,0,0,0,1,28,127.1
DS-UHPC-379,623,0,1401.2,0,0,178,30.2,0,267,0,0,0,0.285714286,1,23,1,1,0,0,0,1,28,131.8
DS-UHPC-38,797.78,112.36,1123.63,0,0,224.73,28.09,7.9778,44.95,112.36,56.18,0,0.246918057,1,23,1,1,5,12,0.01,1,14,105.3
DS-UHPC-380,534,0,1401.2,0,0,178,30.2,0,356,0,0,0,0.333333333,1,23,1,1,0,0,0,1,28,119
DS-UHPC-381,667.5,44.5,1401.2,0,0,178,30.2,0,178,0,0,0,0.25,1,23,1,1,0,0,0,1,28,130.6
DS-UHPC-382,1009,0,1456.8,0,0,201.8,34.2,0,0,0,0,0,0.2,1,23,1,1,0,0,0,1,28,131.7
DS-UHPC-383,1009,0,1456.8,0,0,201.8,34.2,0,0,0,0,0,0.2,1,23,1,1,0,0,0,1,28,131.7
DS-UHPC-384,958.55,50.45,1456.8,0,0,201.8,34.2,0,0,0,0,0,0.2,1,23,1,1,0,0,0,1,28,132.8
DS-UHPC-385,756.75,50.45,1456.8,0,0,201.8,34.2,0,201.8,0,0,0,0.25,1,23,1,1,0,0,0,1,28,131.4
DS-UHPC-386,890,0,1401.2,0,0,178,30.2,0,0,0,0,0,0.2,1,23,1,1,0,0,0,1,28,121.4
DS-UHPC-387,890,0,1401.2,0,0,178,30.2,0,0,0,0,0,0.2,1,23,1,1,0,0,0,1,28,130.3
DS-UHPC-388,845.5,44.5,1401.2,0,0,178,30.2,0,0,0,0,0,0.2,1,23,1,1,0,0,0,1,28,136.3
DS-UHPC-389,801,89,1401.2,0,0,178,30.2,0,0,0,0,0,0.2,1,23,1,1,0,0,0,1,28,137.4
DS-UHPC-39,797.78,112.36,1123.63,0,0,224.73,28.09,7.9778,44.95,112.36,56.18,0,0.246918057,1,23,1,1,5,12,0.01,1,28,123.4
DS-UHPC-390,756.5,133.5,1401.2,0,0,178,30.2,0,0,0,0,0,0.2,1,23,1,1,0,0,0,1,28,136.9
DS-UHPC-391,712,178,1401.2,0,0,178,30.2,0,0,0,0,0,0.2,1,23,1,1,0,0,0,1,28,129.5
DS-UHPC-392,845.5,44.5,1401.2,0,0,178,30.2,0,0,0,0,0,0.2,1,23,1,1,0,0,0,1,28,136.4
DS-UHPC-393,712,0,1401.2,0,0,178,30.2,0,178,0,0,0,0.25,1,23,1,1,0,0,0,1,28,126.4
DS-UHPC-394,623,0,1401.2,0,0,178,30.2,0,267,0,0,0,0.285714286,1,23,1,1,0,0,0,1,28,131.4
DS-UHPC-395,534,0,1401.2,0,0,178,30.2,0,356,0,0,0,0.333333333,1,23,1,1,0,0,0,1,28,117.6
DS-UHPC-396,667.5,44.5,1401.2,0,0,178,30.2,0,178,0,0,0,0.25,1,23,1,1,0,0,0,1,28,130.3
DS-UHPC-397,1009,0,1456.8,0,0,201.8,34.2,0,0,0,0,0,0.2,1,23,1,1,0,0,0,1,28,132.9
DS-UHPC-398,1009,0,1456.8,0,0,201.8,34.2,0,0,0,0,0,0.2,1,23,1,1,0,0,0,1,28,132.5
DS-UHPC-399,958.55,50.45,1456.8,0,0,201.8,34.2,0,0,0,0,0,0.2,1,23,1,1,0,0,0,1,28,132.8
DS-UHPC-4,797.78,112.36,1123.63,0,0,224.73,28.09,3.9889,44.95,112.36,56.18,0,0.246918057,1,23,1,1,4,18,0.013,1,1,67.4
DS-UHPC-40,797.78,112.36,1123.63,0,0,224.73,28.09,11.9667,44.95,112.36,56.18,0,0.246918057,1,23,1,1,5,12,0.01,1,1,71.1
DS-UHPC-400,756.75,50.45,1456.8,0,0,201.8,34.2,0,201.8,0,0,0,0.25,1,23,1,1,0,0,0,1,28,132
DS-UHPC-401,890,0,1401.2,0,0,178,30.2,0,0,0,0,0,0.2,1,23,1,1,0,0,0,1,28,124.9
DS-UHPC-402,890,0,1401.2,0,0,178,30.2,0,0,0,0,0,0.2,1,23,1,1,0,0,0,1,28,130.2
DS-UHPC-403,845.5,44.5,1401.2,0,0,178,30.2,0,0,0,0,0,0.2,1,23,1,1,0,0,0,1,28,135.8
DS-UHPC-404,801,89,1401.2,0,0,178,30.2,0,0,0,0,0,0.2,1,23,1,1,0,0,0,1,28,138.9
DS-UHPC-405,756.5,133.5,1401.2,0,0,178,30.2,0,0,0,0,0,0.2,1,23,1,1,0,0,0,1,28,135.7
DS-UHPC-406,712,178,1401.2,0,0,178,30.2,0,0,0,0,0,0.2,1,23,1,1,0,0,0,1,28,127.5
DS-UHPC-407,845.5,44.5,1401.2,0,0,178,30.2,0,0,0,0,0,0.2,1,23,1,1,0,0,0,1,28,132.8
DS-UHPC-408,712,0,1401.2,0,0,178,30.2,0,178,0,0,0,0.25,1,23,1,1,0,0,0,1,28,127.4
DS-UHPC-409,623,0,1401.2,0,0,178,30.2,0,267,0,0,0,0.285714286,1,23,1,1,0,0,0,1,28,134.6
DS-UHPC-41,797.78,112.36,1123.63,0,0,224.73,28.09,11.9667,44.95,112.36,56.18,0,0.246918057,1,23,1,1,5,12,0.01,1,14,109.2
DS-UHPC-410,534,0,1401.2,0,0,178,30.2,0,356,0,0,0,0.333333333,1,23,1,1,0,0,0,1,28,119
DS-UHPC-411,667.5,44.5,1401.2,0,0,178,30.2,0,178,0,0,0,0.25,1,23,1,1,0,0,0,1,28,129.9
DS-UHPC-412,1009,0,1456.8,0,0,201.8,34.2,0,0,0,0,0,0.2,1,23,1,1,0,0,0,1,28,129.7
DS-UHPC-413,1009,0,1456.8,0,0,201.8,34.2,0,0,0,0,0,0.2,1,23,1,1,0,0,0,1,28,135
DS-UHPC-414,958.55,50.45,1456.8,0,0,201.8,34.2,0,0,0,0,0,0.2,1,23,1,1,0,0,0,1,28,134.2
DS-UHPC-415,756.75,50.45,1456.8,0,0,201.8,34.2,0,201.8,0,0,0,0.25,1,23,1,1,0,0,0,1,28,133.3
DS-UHPC-416,890,0,1401.2,0,0,178,30.2,0,0,0,0,0,0.2,1,23,1,1,0,0,0,1,56,125.7
DS-UHPC-417,890,0,1401.2,0,0,178,30.2,0,0,0,0,0,0.2,1,23,1,1,0,0,0,1,56,131.4
DS-UHPC-418,845.5,44.5,1401.2,0,0,178,30.2,0,0,0,0,0,0.2,1,23,1,1,0,0,0,1,56,138.9
DS-UHPC-419,801,89,1401.2,0,0,178,30.2,0,0,0,0,0,0.2,1,23,1,1,0,0,0,1,56,147.8
DS-UHPC-42,797.78,112.36,1123.63,0,0,224.73,28.09,11.9667,44.95,112.36,56.18,0,0.246918057,1,23,1,1,5,12,0.01,1,28,123.4
DS-UHPC-420,756.5,133.5,1401.2,0,0,178,30.2,0,0,0,0,0,0.2,1,23,1,1,0,0,0,1,56,138.7
DS-UHPC-421,712,178,1401.2,0,0,178,30.2,0,0,0,0,0,0.2,1,23,1,1,0,0,0,1,56,135.5
DS-UHPC-422,845.5,44.5,1401.2,0,0,178,30.2,0,0,0,0,0,0.2,1,23,1,1,0,0,0,1,56,143.6
DS-UHPC-423,712,0,1401.2,0,0,178,30.2,0,178,0,0,0,0.25,1,23,1,1,0,0,0,1,56,127.2
DS-UHPC-424,623,0,1401.2,0,0,178,30.2,0,267,0,0,0,0.285714286,1,23,1,1,0,0,0,1,56,135.3
DS-UHPC-425,534,0,1401.2,0,0,178,30.2,0,356,0,0,0,0.333333333,1,23,1,1,0,0,0,1,56,126.6
DS-UHPC-426,667.5,44.5,1401.2,0,0,178,30.2,0,178,0,0,0,0.25,1,23,1,1,0,0,0,1,56,130.4
DS-UHPC-427,1009,0,1456.8,0,0,201.8,34.2,0,0,0,0,0,0.2,1,23,1,1,0,0,0,1,56,146.5
DS-UHPC-428,1009,0,1456.8,0,0,201.8,34.2,0,0,0,0,0,0.2,1,23,1,1,0,0,0,1,56,148.9
DS-UHPC-429,958.55,50.45,1456.8,0,0,201.8,34.2,0,0,0,0,0,0.2,1,23,1,1,0,0,0,1,56,149
DS-UHPC-43,797.78,112.36,1123.63,0,0,224.73,28.09,15.9556,44.95,112.36,56.18,0,0.246918057,1,23,1,1,5,12,0.01,1,1,70.5
DS-UHPC-430,756.75,50.45,1456.8,0,0,201.8,34.2,0,201.8,0,0,0,0.25,1,23,1,1,0,0,0,1,56,150.7
DS-UHPC-431,890,0,1401.2,0,0,178,30.2,0,0,0,0,0,0.2,1,23,1,1,0,0,0,1,56,124.5
DS-UHPC-432,890,0,1401.2,0,0,178,30.2,0,0,0,0,0,0.2,1,23,1,1,0,0,0,1,56,130.7
DS-UHPC-433,845.5,44.5,1401.2,0,0,178,30.2,0,0,0,0,0,0.2,1,23,1,1,0,0,0,1,56,138.4
DS-UHPC-434,801,89,1401.2,0,0,178,30.2,0,0,0,0,0,0.2,1,23,1,1,0,0,0,1,56,146.6
DS-UHPC-435,756.5,133.5,1401.2,0,0,178,30.2,0,0,0,0,0,0.2,1,23,1,1,0,0,0,1,56,138
DS-UHPC-436,712,178,1401.2,0,0,178,30.2,0,0,0,0,0,0.2,1,23,1,1,0,0,0,1,56,136.4
DS-UHPC-437,845.5,44.5,1401.2,0,0,178,30.2,0,0,0,0,0,0.2,1,23,1,1,0,0,0,1,56,143.5
DS-UHPC-438,712,0,1401.2,0,0,178,30.2,0,178,0,0,0,0.25,1,23,1,1,0,0,0,1,56,127.5
DS-UHPC-439,623,0,1401.2,0,0,178,30.2,0,267,0,0,0,0.285714286,1,23,1,1,0,0,0,1,56,134.9
DS-UHPC-44,797.78,112.36,1123.63,0,0,224.73,28.09,15.9556,44.95,112.36,56.18,0,0.246918057,1,23,1,1,5,12,0.01,1,14,108
DS-UHPC-440,534,0,1401.2,0,0,178,30.2,0,356,0,0,0,0.333333333,1,23,1,1,0,0,0,1,56,128.2
DS-UHPC-441,667.5,44.5,1401.2,0,0,178,30.2,0,178,0,0,0,0.25,1,23,1,1,0,0,0,1,56,131.4
DS-UHPC-442,1009,0,1456.8,0,0,201.8,34.2,0,0,0,0,0,0.2,1,23,1,1,0,0,0,1,56,146.7
DS-UHPC-443,1009,0,1456.8,0,0,201.8,34.2,0,0,0,0,0,0.2,1,23,1,1,0,0,0,1,56,149
DS-UHPC-444,958.55,50.45,1456.8,0,0,201.8,34.2,0,0,0,0,0,0.2,1,23,1,1,0,0,0,1,56,148.4
DS-UHPC-445,756.75,50.45,1456.8,0,0,201.8,34.2,0,201.8,0,0,0,0.25,1,23,1,1,0,0,0,1,56,152.5
DS-UHPC-446,890,0,1401.2,0,0,178,30.2,0,0,0,0,0,0.2,1,23,1,1,0,0,0,1,56,126.8
DS-UHPC-447,890,0,1401.2,0,0,178,30.2,0,0,0,0,0,0.2,1,23,1,1,0,0,0,1,56,132.1
DS-UHPC-448,845.5,44.5,1401.2,0,0,178,30.2,0,0,0,0,0,0.2,1,23,1,1,0,0,0,1,56,138.8
DS-UHPC-449,801,89,1401.2,0,0,178,30.2,0,0,0,0,0,0.2,1,23,1,1,0,0,0,1,56,147
DS-UHPC-45,797.78,112.36,1123.63,0,0,224.73,28.09,15.9556,44.95,112.36,56.18,0,0.246918057,1,23,1,1,5,12,0.01,1,28,120
DS-UHPC-450,756.5,133.5,1401.2,0,0,178,30.2,0,0,0,0,0,0.2,1,23,1,1,0,0,0,1,56,139.4
DS-UHPC-451,712,178,1401.2,0,0,178,30.2,0,0,0,0,0,0.2,1,23,1,1,0,0,0,1,56,134.2
DS-UHPC-452,845.5,44.5,1401.2,0,0,178,30.2,0,0,0,0,0,0.2,1,23,1,1,0,0,0,1,56,143
DS-UHPC-453,712,0,1401.2,0,0,178,30.2,0,178,0,0,0,0.25,1,23,1,1,0,0,0,1,56,127.5
DS-UHPC-454,623,0,1401.2,0,0,178,30.2,0,267,0,0,0,0.285714286,1,23,1,1,0,0,0,1,56,135.9
DS-UHPC-455,534,0,1401.2,0,0,178,30.2,0,356,0,0,0,0.333333333,1,23,1,1,0,0,0,1,56,129.5
DS-UHPC-456,667.5,44.5,1401.2,0,0,178,30.2,0,178,0,0,0,0.25,1,23,1,1,0,0,0,1,56,132.5
DS-UHPC-457,1009,0,1456.8,0,0,201.8,34.2,0,0,0,0,0,0.2,1,23,1,1,0,0,0,1,56,144.1
DS-UHPC-458,1009,0,1456.8,0,0,201.8,34.2,0,0,0,0,0,0.2,1,23,1,1,0,0,0,1,56,150.2
DS-UHPC-459,958.55,50.45,1456.8,0,0,201.8,34.2,0,0,0,0,0,0.2,1,23,1,1,0,0,0,1,56,149.6
DS-UHPC-46,797.78,112.36,1123.63,0,0,224.73,28.09,19.9445,44.95,112.36,56.18,0,0.246918057,1,23,1,1,5,12,0.01,1,1,70.2
DS-UHPC-460,756.75,50.45,1456.8,0,0,201.8,34.2,0,201.8,0,0,0,0.25,1,23,1,1,0,0,0,1,56,153.2
DS-UHPC-461,890,0,1401.2,0,0,178,30.2,0,0,0,0,0,0.2,1,23,1,1,0,0,0,1,90,133.1
DS-UHPC-462,890,0,1401.2,0,0,178,30.2,0,0,0,0,0,0.2,1,23,1,1,0,0,0,1,90,136.1
DS-UHPC-463,845.5,44.5,1401.2,0,0,178,30.2,0,0,0,0,0,0.2,1,23,1,1,0,0,0,1,90,145.8
DS-UHPC-464,801,89,1401.2,0,0,178,30.2,0,0,0,0,0,0.2,1,23,1,1,0,0,0,1,90,148.2
DS-UHPC-465,756.5,133.5,1401.2,0,0,178,30.2,0,0,0,0,0,0.2,1,23,1,1,0,0,0,1,90,138.9
DS-UHPC-466,712,178,1401.2,0,0,178,30.2,0,0,0,0,0,0.2,1,23,1,1,0,0,0,1,90,136.8
DS-UHPC-467,845.5,44.5,1401.2,0,0,178,30.2,0,0,0,0,0,0.2,1,23,1,1,0,0,0,1,90,146.8
DS-UHPC-468,712,0,1401.2,0,0,178,30.2,0,178,0,0,0,0.25,1,23,1,1,0,0,0,1,90,133.6
DS-UHPC-469,623,0,1401.2,0,0,178,30.2,0,267,0,0,0,0.285714286,1,23,1,1,0,0,0,1,90,136.1
DS-UHPC-47,797.78,112.36,1123.63,0,0,224.73,28.09,19.9445,44.95,112.36,56.18,0,0.246918057,1,23,1,1,5,12,0.01,1,14,106.4
DS-UHPC-470,534,0,1401.2,0,0,178,30.2,0,356,0,0,0,0.333333333,1,23,1,1,0,0,0,1,90,138.4
DS-UHPC-471,667.5,44.5,1401.2,0,0,178,30.2,0,178,0,0,0,0.25,1,23,1,1,0,0,0,1,90,140.7
DS-UHPC-472,1009,0,1456.8,0,0,201.8,34.2,0,0,0,0,0,0.2,1,23,1,1,0,0,0,1,90,159.6
DS-UHPC-473,1009,0,1456.8,0,0,201.8,34.2,0,0,0,0,0,0.2,1,23,1,1,0,0,0,1,90,172
DS-UHPC-474,958.55,50.45,1456.8,0,0,201.8,34.2,0,0,0,0,0,0.2,1,23,1,1,0,0,0,1,90,180.8
DS-UHPC-475,756.75,50.45,1456.8,0,0,201.8,34.2,0,201.8,0,0,0,0.25,1,23,1,1,0,0,0,1,90,180.2
DS-UHPC-476,890,0,1401.2,0,0,178,30.2,0,0,0,0,0,0.2,1,23,1,1,0,0,0,1,90,131.2
DS-UHPC-477,890,0,1401.2,0,0,178,30.2,0,0,0,0,0,0.2,1,23,1,1,0,0,0,1,90,134.1
DS-UHPC-478,845.5,44.5,1401.2,0,0,178,30.2,0,0,0,0,0,0.2,1,23,1,1,0,0,0,1,90,143.7
DS-UHPC-479,801,89,1401.2,0,0,178,30.2,0,0,0,0,0,0.2,1,23,1,1,0,0,0,1,90,148
DS-UHPC-48,797.78,112.36,1123.63,0,0,224.73,28.09,19.9445,44.95,112.36,56.18,0,0.246918057,1,23,1,1,5,12,0.01,1,28,110.9
DS-UHPC-480,756.5,133.5,1401.2,0,0,178,30.2,0,0,0,0,0,0.2,1,23,1,1,0,0,0,1,90,138.4
DS-UHPC-481,712,178,1401.2,0,0,178,30.2,0,0,0,0,0,0.2,1,23,1,1,0,0,0,1,90,136.3
DS-UHPC-482,845.5,44.5,1401.2,0,0,178,30.2,0,0,0,0,0,0.2,1,23,1,1,0,0,0,1,90,144.8
DS-UHPC-483,712,0,1401.2,0,0,178,30.2,0,178,0,0,0,0.25,1,23,1,1,0,0,0,1,90,136.8
DS-UHPC-484,623,0,1401.2,0,0,178,30.2,0,267,0,0,0,0.285714286,1,23,1,1,0,0,0,1,90,138
DS-UHPC-485,534,0,1401.2,0,0,178,30.2,0,356,0,0,0,0.333333333,1,23,1,1,0,0,0,1,90,139.6
DS-UHPC-486,667.5,44.5,1401.2,0,0,178,30.2,0,178,0,0,0,0.25,1,23,1,1,0,0,0,1,90,138.6
DS-UHPC-487,1009,0,1456.8,0,0,201.8,34.2,0,0,0,0,0,0.2,1,23,1,1,0,0,0,1,90,163.1
DS-UHPC-488,1009,0,1456.8,0,0,201.8,34.2,0,0,0,0,0,0.2,1,23,1,1,0,0,0,1,90,175.3
DS-UHPC-489,958.55,50.45,1456.8,0,0,201.8,34.2,0,0,0,0,0,0.2,1,23,1,1,0,0,0,1,90,180.1
DS-UHPC-49,1120,145,1120,0,0,228,21,0,0,105,0,0,0.180237154,1,23,1,1,0,0,0,1,7,88.7
DS-UHPC-490,756.75,50.45,1456.8,0,0,201.8,34.2,0,201.8,0,0,0,0.25,1,23,1,1,0,0,0,1,90,178.6
DS-UHPC-491,890,0,1401.2,0,0,178,30.2,0,0,0,0,0,0.2,1,23,1,1,0,0,0,1,90,131.1
DS-UHPC-492,890,0,1401.2,0,0,178,30.2,0,0,0,0,0,0.2,1,23,1,1,0,0,0,1,90,139.1
DS-UHPC-493,845.5,44.5,1401.2,0,0,178,30.2,0,0,0,0,0,0.2,1,23,1,1,0,0,0,1,90,145.1
DS-UHPC-494,801,89,1401.2,0,0,178,30.2,0,0,0,0,0,0.2,1,23,1,1,0,0,0,1,90,146
DS-UHPC-495,756.5,133.5,1401.2,0,0,178,30.2,0,0,0,0,0,0.2,1,23,1,1,0,0,0,1,90,141.6
DS-UHPC-496,712,178,1401.2,0,0,178,30.2,0,0,0,0,0,0.2,1,23,1,1,0,0,0,1,90,137.9
DS-UHPC-497,845.5,44.5,1401.2,0,0,178,30.2,0,0,0,0,0,0.2,1,23,1,1,0,0,0,1,90,145.6
DS-UHPC-498,712,0,1401.2,0,0,178,30.2,0,178,0,0,0,0.25,1,23,1,1,0,0,0,1,90,136.8
DS-UHPC-499,623,0,1401.2,0,0,178,30.2,0,267,0,0,0,0.285714286,1,23,1,1,0,0,0,1,90,139.3
DS-UHPC-5,797.78,112.36,1123.63,0,0,224.73,28.09,3.9889,44.95,112.36,56.18,0,0.246918057,1,23,1,1,4,18,0.013,1,14,111.5
DS-UHPC-50,1120,145,1120,0,0,228,21,2.8,0,105,0,0,0.180237154,1,23,1,1,4,12,0.45,1,7,107.5
DS-UHPC-500,534,0,1401.2,0,0,178,30.2,0,356,0,0,0,0.333333333,1,23,1,1,0,0,0,1,90,134.7
DS-UHPC-501,667.5,44.5,1401.2,0,0,178,30.2,0,178,0,0,0,0.25,1,23,1,1,0,0,0,1,90,135.5
DS-UHPC-502,1009,0,1456.8,0,0,201.8,34.2,0,0,0,0,0,0.2,1,23,1,1,0,0,0,1,90,160
DS-UHPC-503,1009,0,1456.8,0,0,201.8,34.2,0,0,0,0,0,0.2,1,23,1,1,0,0,0,1,90,171.4
DS-UHPC-504,958.55,50.45,1456.8,0,0,201.8,34.2,0,0,0,0,0,0.2,1,23,1,1,0,0,0,1,90,176.9
DS-UHPC-505,756.75,50.45,1456.8,0,0,201.8,34.2,0,201.8,0,0,0,0.25,1,23,1,1,0,0,0,1,90,168.3
DS-UHPC-506,1076.77,286.23,1090.8,0,0,272.6,46.2,0,0,0,0,0,0.2,1,23,1,1,0,0,0,1,28,145.4
DS-UHPC-507,1076.77,286.23,1090.8,0,0,272.6,46.2,32.3031,0,0,0,0,0.2,1,23,1,1,1,12.7,0.2,1,28,158.2
DS-UHPC-508,1076.77,286.23,1090.8,0,0,272.6,46.2,0,0,0,0,0,0.2,1,23,1,1,0,0,0,1,28,128.7
DS-UHPC-509,1076.77,286.23,1090.8,0,0,272.6,46.2,32.3031,0,0,0,0,0.2,1,23,1,1,1,12.7,0.2,1,28,168.1
DS-UHPC-51,1120,145,1120,0,0,228,21,5.6,0,105,0,0,0.180237154,1,23,1,1,4,12,0.45,1,7,116
DS-UHPC-510,1076.77,286.23,1090.8,0,0,272.6,46.2,0,0,0,0,0,0.2,1,23,1,1,0,0,0,1,28,184.5
DS-UHPC-511,1076.77,286.23,1090.8,0,0,272.6,46.2,32.3031,0,0,0,0,0.2,1,23,1,1,1,12.7,0.2,1,28,197
DS-UHPC-512,1076.77,286.23,1090.8,0,0,272.6,46.2,0,0,0,0,0,0.2,1,23,1,1,0,0,0,1,28,160.6
DS-UHPC-513,1076.77,286.23,1090.8,0,0,272.6,46.2,32.3031,0,0,0,0,0.2,1,23,1,1,1,12.7,0.2,1,28,174.5
DS-UHPC-514,1076.77,286.23,1090.8,0,0,272.6,46.2,0,0,0,0,0,0.2,1,23,1,1,0,0,0,1,28,191.5
DS-UHPC-515,1076.77,286.23,1090.8,0,0,272.6,46.2,32.3031,0,0,0,0,0.2,1,23,1,1,1,12.7,0.2,1,28,206.7
DS-UHPC-516,1076.77,286.23,1090.8,0,0,272.6,46.2,0,0,0,0,0,0.2,1,23,1,1,0,0,0,1,28,165.6
DS-UHPC-517,1076.77,286.23,1090.8,0,0,272.6,46.2,32.3031,0,0,0,0,0.2,1,23,1,1,1,12.7,0.2,1,28,172.5
DS-UHPC-518,1076.77,286.23,1090.8,0,0,272.6,46.2,0,0,0,0,0,0.2,1,23,1,1,0,0,0,1,28,189.3
DS-UHPC-519,1076.77,286.23,1090.8,0,0,272.6,46.2,32.3031,0,0,0,0,0.2,1,23,1,1,1,12.7,0.2,1,28,204.4
DS-UHPC-52,1120,145,1120,0,0,228,21,8.4,0,105,0,0,0.180237154,1,23,1,1,4,12,0.45,1,7,112.5
DS-UHPC-520,1076.77,286.23,1090.8,0,0,272.6,46.2,0,0,0,0,0,0.2,1,23,1,1,0,0,0,1,28,164.6
DS-UHPC-521,1076.77,286.23,1090.8,0,0,272.6,46.2,32.3031,0,0,0,0,0.2,1,23,1,1,1,12.7,0.2,1,28,135.1
DS-UHPC-522,960,240,793.7,0,0,234,45,0,0,0,0,0,0.195,1,23,1,1,0,6,0.16,1,7,124
DS-UHPC-523,960,240,787.1,0,0,234,45,2.4,0,0,0,0,0.195,1,23,1,1,1,6,0.16,1,7,137.7
DS-UHPC-524,960,240,780.5,0,0,234,45,4.8,0,0,0,0,0.195,1,23,1,1,1,6,0.16,1,7,140.6
DS-UHPC-525,960,240,773.8,0,0,234,45,7.2,0,0,0,0,0.195,1,23,1,1,1,6,0.16,1,7,143.5
DS-UHPC-526,960,240,767.2,0,0,234,45,9.6,0,0,0,0,0.195,1,23,1,1,1,6,0.16,1,7,146.7
DS-UHPC-527,960,240,754,0,0,234,45,14.4,0,0,0,0,0.195,1,23,1,1,1,6,0.16,1,7,149.2
DS-UHPC-528,960,240,740.7,0,0,234,45,19.2,0,0,0,0,0.195,1,23,1,1,1,6,0.16,1,7,157.8
DS-UHPC-529,960,240,793.7,0,0,234,45,0,0,0,0,0,0.195,1,23,1,1,0,6,0.16,1,28,157.8
DS-UHPC-53,1120,145,1120,0,0,228,21,11.2,0,105,0,0,0.180237154,1,23,1,1,4,12,0.45,1,7,119.9
DS-UHPC-530,960,240,787.1,0,0,234,45,2.4,0,0,0,0,0.195,1,23,1,1,1,6,0.16,1,28,172.1
DS-UHPC-531,960,240,780.5,0,0,234,45,4.8,0,0,0,0,0.195,1,23,1,1,1,6,0.16,1,28,173.6
DS-UHPC-532,960,240,773.8,0,0,234,45,7.2,0,0,0,0,0.195,1,23,1,1,1,6,0.16,1,28,176.1
DS-UHPC-533,960,240,767.2,0,0,234,45,9.6,0,0,0,0,0.195,1,23,1,1,1,6,0.16,1,28,178.9
DS-UHPC-534,960,240,754,0,0,234,45,14.4,0,0,0,0,0.195,1,23,1,1,1,6,0.16,1,28,185.4
DS-UHPC-535,960,240,740.7,0,0,234,45,19.2,0,0,0,0,0.195,1,23,1,1,1,6,0.16,1,28,188.3
DS-UHPC-536,960,240,793.7,0,0,234,45,0,0,0,0,0,0.195,1,23,1,1,0,6,0.16,1,56,173.6
DS-UHPC-537,960,240,787.1,0,0,234,45,2.4,0,0,0,0,0.195,1,23,1,1,1,6,0.16,1,56,188.6
DS-UHPC-538,960,240,780.5,0,0,234,45,4.8,0,0,0,0,0.195,1,23,1,1,1,6,0.16,1,56,191.8
DS-UHPC-539,960,240,773.8,0,0,234,45,7.2,0,0,0,0,0.195,1,23,1,1,1,6,0.16,1,56,193.6
DS-UHPC-54,1120,145,1120,0,0,228,21,16.8,0,105,0,0,0.180237154,1,23,1,1,4,12,0.45,1,7,116.1
DS-UHPC-540,960,240,767.2,0,0,234,45,9.6,0,0,0,0,0.195,1,23,1,1,1,6,0.16,1,56,197.2
DS-UHPC-541,960,240,754,0,0,234,45,14.4,0,0,0,0,0.195,1,23,1,1,1,6,0.16,1,56,199.4
DS-UHPC-542,960,240,740.7,0,0,234,45,19.2,0,0,0,0,0.195,1,23,1,1,1,6,0.16,1,56,200.1
DS-UHPC-543,960,240,793.7,0,0,234,45,0,0,0,0,0,0.195,1,23,1,1,0,6,0.16,1,90,180.4
DS-UHPC-544,960,240,787.1,0,0,234,45,2.4,0,0,0,0,0.195,1,23,1,1,1,6,0.16,1,90,193.6
DS-UHPC-545,960,240,780.5,0,0,234,45,4.8,0,0,0,0,0.195,1,23,1,1,1,6,0.16,1,90,195.4
DS-UHPC-546,960,240,773.8,0,0,234,45,7.2,0,0,0,0,0.195,1,23,1,1,1,6,0.16,1,90,197.2
DS-UHPC-547,960,240,767.2,0,0,234,45,9.6,0,0,0,0,0.195,1,23,1,1,1,6,0.16,1,90,200.8
DS-UHPC-548,960,240,754,0,0,234,45,14.4,0,0,0,0,0.195,1,23,1,1,1,6,0.16,1,90,204.4
DS-UHPC-549,960,240,740.7,0,0,234,45,19.2,0,0,0,0,0.195,1,23,1,1,1,6,0.16,1,90,208.7
DS-UHPC-55,1120,145,1120,0,0,228,21,2.8,0,105,0,0,0.180237154,1,23,1,1,1,12,0.3,1,7,111.4
DS-UHPC-550,1116.7,390.85,625.35,0,0,212.17,23.45,0,0,0,0,0,0.140738284,1,23,1,1,0,0,0,1,28,160.5
DS-UHPC-551,1116.7,390.85,625.35,0,0,212.17,23.45,0,0,0,0,0,0.140738284,1,23,1,1,0,0,0,1,42,189.4
DS-UHPC-552,1116.7,390.85,625.35,0,0,212.17,23.45,22.334,0,0,0,0,0.140738284,1,23,1,1,1,13,0.2,1,28,169.8
DS-UHPC-553,1116.7,390.85,625.35,0,0,212.17,23.45,22.334,0,0,0,0,0.140738284,1,23,1,1,1,13,0.2,1,42,196.4
DS-UHPC-554,1116.7,390.85,625.35,0,0,212.17,23.45,33.501,0,0,0,0,0.140738284,1,23,1,1,1,13,0.2,1,28,174.4
DS-UHPC-555,1116.7,390.85,625.35,0,0,212.17,23.45,33.501,0,0,0,0,0.140738284,1,23,1,1,1,13,0.2,1,42,198.7
DS-UHPC-556,1116.7,390.85,625.35,0,0,212.17,23.45,44.668,0,0,0,0,0.140738284,1,23,1,1,1,13,0.2,1,28,189.4
DS-UHPC-557,1116.7,390.85,625.35,0,0,212.17,23.45,44.668,0,0,0,0,0.140738284,1,23,1,1,1,13,0.2,1,42,202.1
DS-UHPC-558,1116.7,390.85,625.35,0,0,212.17,23.45,55.835,0,0,0,0,0.140738284,1,23,1,1,1,13,0.2,1,28,201
DS-UHPC-559,1116.7,390.85,625.35,0,0,212.17,23.45,55.835,0,0,0,0,0.140738284,1,23,1,1,1,13,0.2,1,42,228.7
DS-UHPC-56,1120,145,1120,0,0,228,21,5.6,0,105,0,0,0.180237154,1,23,1,1,1,12,0.3,1,7,114.2
DS-UHPC-560,1116.7,390.85,625.35,0,0,212.17,23.45,0,0,0,0,0,0.140738284,1,23,1,1,0,0,0,1,28,143.5
DS-UHPC-561,1116.7,390.85,625.35,0,0,212.17,23.45,0,0,0,0,0,0.140738284,1,23,1,1,0,0,0,1,28,140.4
DS-UHPC-562,1116.7,390.85,625.35,0,0,212.17,23.45,0,0,0,0,0,0.140738284,1,23,1,1,0,0,0,1,28,146.5
DS-UHPC-563,1116.7,390.85,625.35,0,0,212.17,23.45,22.334,0,0,0,0,0.140738284,1,23,1,1,1,13,0.2,1,28,140.5
DS-UHPC-564,1116.7,390.85,625.35,0,0,212.17,23.45,44.668,0,0,0,0,0.140738284,1,23,1,1,1,13,0.2,1,28,167.5
DS-UHPC-565,1116.7,390.85,625.35,0,0,212.17,23.45,22.334,0,0,0,0,0.140738284,1,23,1,1,1,13,0.2,1,28,141.1
DS-UHPC-566,1116.7,390.85,625.35,0,0,212.17,23.45,44.668,0,0,0,0,0.140738284,1,23,1,1,1,13,0.2,1,28,129.6
DS-UHPC-567,1116.7,390.85,625.35,0,0,212.17,23.45,22.334,0,0,0,0,0.140738284,1,23,1,1,1,13,0.2,1,28,148.1
DS-UHPC-568,1116.7,390.85,625.35,0,0,212.17,23.45,44.668,0,0,0,0,0.140738284,1,23,1,1,1,13,0.2,1,28,110.7
DS-UHPC-569,1116.7,390.85,625.35,0,0,212.17,23.45,0,0,0,0,0,0.140738284,1,23,1,1,0,0,0,1,7,120.2
DS-UHPC-57,1120,145,1120,0,0,228,21,8.4,0,105,0,0,0.180237154,1,23,1,1,1,12,0.3,1,7,122.3
DS-UHPC-570,1116.7,390.85,625.35,0,0,212.17,23.45,22.334,0,0,0,0,0.140738284,1,23,1,1,1,13,0.2,1,7,135.5
DS-UHPC-571,1116.7,390.85,625.35,0,0,212.17,23.45,33.501,0,0,0,0,0.140738284,1,23,1,1,1,13,0.2,1,7,141.4
DS-UHPC-572,1116.7,390.85,625.35,0,0,212.17,23.45,44.668,0,0,0,0,0.140738284,1,23,1,1,1,13,0.2,1,7,153.2
DS-UHPC-573,1116.7,390.85,625.35,0,0,212.17,23.45,55.835,0,0,0,0,0.140738284,1,23,1,1,1,13,0.2,1,7,145
DS-UHPC-574,1116.7,390.85,625.35,0,0,212.17,23.45,0,0,0,0,0,0.140738284,1,23,1,1,0,0,0,1,21,170.9
DS-UHPC-575,1116.7,390.85,625.35,0,0,212.17,23.45,22.334,0,0,0,0,0.140738284,1,23,1,1,1,13,0.2,1,21,160.3
DS-UHPC-576,1116.7,390.85,625.35,0,0,212.17,23.45,33.501,0,0,0,0,0.140738284,1,23,1,1,1,13,0.2,1,21,142.6
DS-UHPC-577,1116.7,390.85,625.35,0,0,212.17,23.45,44.668,0,0,0,0,0.140738284,1,23,1,1,1,13,0.2,1,21,165
DS-UHPC-578,1116.7,390.85,625.35,0,0,212.17,23.45,55.835,0,0,0,0,0.140738284,1,23,1,1,1,13,0.2,1,21,168.5
DS-UHPC-579,1116.7,390.85,625.35,0,0,212.17,23.45,0,0,0,0,0,0.140738284,1,23,1,1,0,0,0,1,28,170.9
DS-UHPC-58,1120,145,1120,0,0,228,21,11.2,0,105,0,0,0.180237154,1,23,1,1,1,12,0.3,1,7,130
DS-UHPC-580,1116.7,390.85,625.35,0,0,212.17,23.45,22.334,0,0,0,0,0.140738284,1,23,1,1,1,13,0.2,1,28,163.8
DS-UHPC-581,1116.7,390.85,625.35,0,0,212.17,23.45,33.501,0,0,0,0,0.140738284,1,23,1,1,1,13,0.2,1,28,175.6
DS-UHPC-582,1116.7,390.85,625.35,0,0,212.17,23.45,44.668,0,0,0,0,0.140738284,1,23,1,1,1,13,0.2,1,28,173.3
DS-UHPC-583,1116.7,390.85,625.35,0,0,212.17,23.45,55.835,0,0,0,0,0.140738284,1,23,1,1,1,13,0.2,1,28,196.8
DS-UHPC-584,429,107.2,1072,0,0,192.96,19.3,7.5075,214.4,321.6,0,0,0.359865722,1,23,1,1,1,13,0.2,1,7,92.6
DS-UHPC-585,429,107.2,1072,0,0,192.96,19.3,7.5075,214.4,321.6,0,0,0.359865722,1,23,1,1,1,13,0.2,1,7,96.1
DS-UHPC-586,429,107.2,1072,0,0,192.96,19.3,7.5075,214.4,321.6,0,0,0.359865722,1,23,1,1,1,13,0.2,1,7,99.6
DS-UHPC-587,429,107.2,1072,0,0,192.96,19.3,7.5075,214.4,321.6,0,0,0.359865722,1,23,1,1,1,13,0.2,1,28,95.6
DS-UHPC-588,429,107.2,1072,0,0,192.96,19.3,0,214.4,321.6,0,0,0.359865722,1,23,1,1,0,0,0,1,28,96.9
DS-UHPC-589,429,107.2,1072,0,0,192.96,19.3,7.5075,214.4,321.6,0,0,0.359865722,1,23,1,1,1,13,0.2,1,28,127.9
DS-UHPC-59,1120,145,1120,0,0,228,21,16.8,0,105,0,0,0.180237154,1,23,1,1,1,12,0.3,1,7,133.2
DS-UHPC-590,429,107.2,1072,0,0,192.96,19.3,7.5075,214.4,321.6,0,0,0.359865722,1,23,1,1,1,13,0.2,1,56,92
DS-UHPC-591,429,107.2,1072,0,0,192.96,19.3,0,214.4,321.6,0,0,0.359865722,1,23,1,1,0,0,0,1,56,97.2
DS-UHPC-592,429,107.2,1072,0,0,192.96,19.3,7.5075,214.4,321.6,0,0,0.359865722,1,23,1,1,1,13,0.2,1,56,133.8
DS-UHPC-593,809,270,1079,0,0,177,21.6,0,0,0,0,0,0.164040778,1,23,1,1,0,0,0,1,3,81.6
DS-UHPC-594,800,267,1067,0,0,175,21.3,8,0,0,0,0,0.164011246,1,23,1,1,1,13,0.2,1,3,101.2
DS-UHPC-595,792,264,1056,0,0,173,21.1,15.84,0,0,0,0,0.163825758,1,23,1,1,1,13,0.2,1,3,119.1
DS-UHPC-596,784,261,1045,0,0,171,20.9,23.52,0,0,0,0,0.163636364,1,23,1,1,1,13,0.2,1,3,122.4
DS-UHPC-597,809,270,1079,0,0,177,21.6,0,0,0,0,0,0.164040778,1,23,1,1,0,0,0,1,7,106.9
DS-UHPC-598,800,267,1067,0,0,175,21.3,8,0,0,0,0,0.164011246,1,23,1,1,1,13,0.2,1,7,128.1
DS-UHPC-599,792,264,1056,0,0,173,21.1,15.84,0,0,0,0,0.163825758,1,23,1,1,1,13,0.2,1,7,142.8
DS-UHPC-6,797.78,112.36,1123.63,0,0,224.73,28.09,3.9889,44.95,112.36,56.18,0,0.246918057,1,23,1,1,4,18,0.013,1,28,121.2
DS-UHPC-60,1120,145,1120,0,0,228,21,22.4,0,105,0,0,0.180237154,1,23,1,1,1,12,0.3,1,7,138.1
DS-UHPC-600,784,261,1045,0,0,171,20.9,23.52,0,0,0,0,0.163636364,1,23,1,1,1,13,0.2,1,7,147.8
DS-UHPC-601,809,270,1079,0,0,177,21.6,0,0,0,0,0,0.164040778,1,23,1,1,0,0,0,1,28,123.2
DS-UHPC-602,800,267,1067,0,0,175,21.3,8,0,0,0,0,0.164011246,1,23,1,1,1,13,0.2,1,28,150.2
DS-UHPC-603,792,264,1056,0,0,173,21.1,15.84,0,0,0,0,0.163825758,1,23,1,1,1,13,0.2,1,28,173.1
DS-UHPC-604,784,261,1045,0,0,171,20.9,23.52,0,0,0,0,0.163636364,1,23,1,1,1,13,0.2,1,28,182.9
DS-UHPC-605,809,270,1079,0,0,177,21.6,0,0,0,0,0,0.164040778,1,23,1,1,0,0,0,1,90,126.5
DS-UHPC-606,800,267,1067,0,0,175,21.3,8,0,0,0,0,0.164011246,1,23,1,1,1,13,0.2,1,90,172.3
DS-UHPC-607,792,264,1056,0,0,173,21.1,15.84,0,0,0,0,0.163825758,1,23,1,1,1,13,0.2,1,90,187
DS-UHPC-608,784,261,1045,0,0,171,20.9,23.52,0,0,0,0,0.163636364,1,23,1,1,1,13,0.2,1,90,192.7
DS-UHPC-609,788,197,866.8,0,315,173,14.77,19.7,0,0,0,0,0.175634518,1,23,1,1,1,13,0.16,1,7,155.8
DS-UHPC-61,1120,145,1120,0,0,228,21,0,0,105,0,0,0.180237154,1,23,1,1,0,0,0,1,28,100.5
DS-UHPC-610,788,197,866.8,0,315,173,14.77,15.76,0,0,0,0,0.175634518,1,23,1,1,1,13,0.16,1,7,150.2
DS-UHPC-611,788,197,866.8,0,315,173,14.77,19.7,0,0,0,0,0.175634518,1,23,1,1,1,6,0.16,1,7,152.6
DS-UHPC-612,788,197,866.8,0,315,173,14.77,15.76,0,0,0,0,0.175634518,1,23,1,1,1,6,0.16,1,7,132.4
DS-UHPC-613,788,197,866.8,0,315,173,14.77,0,0,0,0,0,0.175634518,1,23,1,1,0,0,0,1,7,106.1
DS-UHPC-614,788,197,866.8,0,315,173,14.77,19.7,0,0,0,0,0.175634518,1,23,1,1,1,13,0.16,1,14,171.9
DS-UHPC-615,788,197,866.8,0,315,173,14.77,15.76,0,0,0,0,0.175634518,1,23,1,1,1,13,0.16,1,14,165.6
DS-UHPC-616,788,197,866.8,0,315,173,14.77,19.7,0,0,0,0,0.175634518,1,23,1,1,1,6,0.16,1,14,170.6
DS-UHPC-617,788,197,866.8,0,315,173,14.77,15.76,0,0,0,0,0.175634518,1,23,1,1,1,6,0.16,1,14,152.8
DS-UHPC-618,788,197,866.8,0,315,173,14.77,0,0,0,0,0,0.175634518,1,23,1,1,0,0,0,1,14,125.5
DS-UHPC-619,788,197,866.8,0,315,173,14.77,19.7,0,0,0,0,0.175634518,1,23,1,1,1,13,0.16,1,21,180
DS-UHPC-62,1120,145,1120,0,0,228,21,2.8,0,105,0,0,0.180237154,1,23,1,1,4,12,0.45,1,28,114.6
DS-UHPC-620,788,197,866.8,0,315,173,14.77,15.76,0,0,0,0,0.175634518,1,23,1,1,1,13,0.16,1,21,170.7
DS-UHPC-621,788,197,866.8,0,315,173,14.77,19.7,0,0,0,0,0.175634518,1,23,1,1,1,6,0.16,1,21,175.5
DS-UHPC-622,788,197,866.8,0,315,173,14.77,15.76,0,0,0,0,0.175634518,1,23,1,1,1,6,0.16,1,21,159.2
DS-UHPC-623,788,197,866.8,0,315,173,14.77,0,0,0,0,0,0.175634518,1,23,1,1,0,0,0,1,21,134.7
DS-UHPC-624,788,197,866.8,0,315,173,14.77,19.7,0,0,0,0,0.175634518,1,23,1,1,1,13,0.16,1,28,184
DS-UHPC-625,788,197,866.8,0,315,173,14.77,15.76,0,0,0,0,0.175634518,1,23,1,1,1,13,0.16,1,28,173.8
DS-UHPC-626,788,197,866.8,0,315,173,14.77,19.7,0,0,0,0,0.175634518,1,23,1,1,1,6,0.16,1,28,182.3
DS-UHPC-627,788,197,866.8,0,315,173,14.77,15.76,0,0,0,0,0.175634518,1,23,1,1,1,6,0.16,1,28,167.3
DS-UHPC-628,788,197,866.8,0,315,173,14.77,0,0,0,0,0,0.175634518,1,23,1,1,0,0,0,1,28,134.7
DS-UHPC-629,472,262,1049,0,0,178,21,0,0,315,0,0,0.242506812,1,23,1,1,0,0,0,1,7,108.9
DS-UHPC-63,1120,145,1120,0,0,228,21,5.6,0,105,0,0,0.180237154,1,23,1,1,4,12,0.45,1,28,122.7
DS-UHPC-630,472,262,1049,0,0,178,21,9.44,0,315,0,0,0.242506812,1,23,1,1,1,13,0.2,1,7,132.9
DS-UHPC-631,472,262,1049,0,0,178,21,9.44,0,315,0,0,0.242506812,1,23,1,1,1,6,0.2,1,7,116
DS-UHPC-632,472,262,1049,0,0,178,21,0,0,315,0,0,0.242506812,1,23,1,1,0,0,0,1,28,114.6
DS-UHPC-633,472,262,1049,0,0,178,21,9.44,0,315,0,0,0.242506812,1,23,1,1,1,13,0.2,1,28,154.9
DS-UHPC-634,472,262,1049,0,0,178,21,9.44,0,315,0,0,0.242506812,1,23,1,1,1,6,0.2,1,28,139.3
DS-UHPC-635,960,240,791.3,0,0,234,45,2.4,0,0,0,0,0.195,1,23,1,1,5,13,0.018,1,7,134
DS-UHPC-636,960,240,788.9,0,0,234,45,4.8,0,0,0,0,0.195,1,23,1,1,5,13,0.018,1,7,137.4
DS-UHPC-637,960,240,793.9,0,0,234,42,7.2,0,0,0,0,0.195,1,23,1,1,5,13,0.018,1,7,140.6
DS-UHPC-638,960,240,798.8,0,0,234,39,9.6,0,0,0,0,0.195,1,23,1,1,5,13,0.018,1,7,143.7
DS-UHPC-639,960,240,698.3,0,0,234,78,14.4,0,0,0,0,0.195,1,23,1,1,5,13,0.018,1,7,149
DS-UHPC-64,1120,145,1120,0,0,228,21,8.4,0,105,0,0,0.180237154,1,23,1,1,4,12,0.45,1,28,119.3
DS-UHPC-640,960,240,649.3,0,0,234,96,19.2,0,0,0,0,0.195,1,23,1,1,5,13,0.018,1,7,146
DS-UHPC-641,960,240,791.3,0,0,234,45,2.4,0,0,0,0,0.195,1,23,1,1,5,13,0.018,1,28,161.1
DS-UHPC-642,960,240,788.9,0,0,234,45,4.8,0,0,0,0,0.195,1,23,1,1,5,13,0.018,1,28,165.8
DS-UHPC-643,960,240,793.9,0,0,234,42,7.2,0,0,0,0,0.195,1,23,1,1,5,13,0.018,1,28,171.1
DS-UHPC-644,960,240,798.8,0,0,234,39,9.6,0,0,0,0,0.195,1,23,1,1,5,13,0.018,1,28,172
DS-UHPC-645,960,240,698.3,0,0,234,78,14.4,0,0,0,0,0.195,1,23,1,1,5,13,0.018,1,28,177.3
DS-UHPC-646,960,240,649.3,0,0,234,96,19.2,0,0,0,0,0.195,1,23,1,1,5,13,0.018,1,28,174.3
DS-UHPC-647,960,240,791.3,0,0,234,45,2.4,0,0,0,0,0.195,1,23,1,1,5,13,0.018,1,56,178.4
DS-UHPC-648,960,240,788.9,0,0,234,45,4.8,0,0,0,0,0.195,1,23,1,1,5,13,0.018,1,56,180.6
DS-UHPC-649,960,240,793.9,0,0,234,42,7.2,0,0,0,0,0.195,1,23,1,1,5,13,0.018,1,56,183.4
DS-UHPC-65,1120,145,1120,0,0,228,21,11.2,0,105,0,0,0.180237154,1,23,1,1,4,12,0.45,1,28,130.9
DS-UHPC-650,960,240,798.8,0,0,234,39,9.6,0,0,0,0,0.195,1,23,1,1,5,13,0.018,1,56,183.7
DS-UHPC-651,960,240,698.3,0,0,234,78,14.4,0,0,0,0,0.195,1,23,1,1,5,13,0.018,1,56,188.1
DS-UHPC-652,960,240,649.3,0,0,234,96,19.2,0,0,0,0,0.195,1,23,1,1,5,13,0.018,1,56,186.6
DS-UHPC-653,960,240,791.3,0,0,234,45,2.4,0,0,0,0,0.195,1,23,1,1,5,13,0.018,1,90,185.8
DS-UHPC-654,960,240,788.9,0,0,234,45,4.8,0,0,0,0,0.195,1,23,1,1,5,13,0.018,1,90,188.3
DS-UHPC-655,960,240,793.9,0,0,234,42,7.2,0,0,0,0,0.195,1,23,1,1,5,13,0.018,1,90,188.9
DS-UHPC-656,960,240,798.8,0,0,234,39,9.6,0,0,0,0,0.195,1,23,1,1,5,13,0.018,1,90,191.1
DS-UHPC-657,960,240,698.3,0,0,234,78,14.4,0,0,0,0,0.195,1,23,1,1,5,13,0.018,1,90,194.3
DS-UHPC-658,960,240,649.3,0,0,234,96,19.2,0,0,0,0,0.195,1,23,1,1,5,13,0.018,1,90,193.4
DS-UHPC-659,809,270,1079,0,0,177,21.6,0,0,0,0,0,0.164040778,1,23,1,1,0,13,0.2,1,3,69.3
DS-UHPC-66,1120,145,1120,0,0,228,21,16.8,0,105,0,0,0.180237154,1,23,1,1,4,12,0.45,1,28,125.7
DS-UHPC-660,800,267,1067,0,0,175,21.3,8,0,0,0,0,0.164011246,1,23,1,1,1,13,0.2,1,3,86.6
DS-UHPC-661,792,264,1056,0,0,173,21.1,15.84,0,0,0,0,0.163825758,1,23,1,1,1,13,0.2,1,3,100
DS-UHPC-662,784,261,1045,0,0,171,20.9,23.52,0,0,0,0,0.163636364,1,23,1,1,1,13,0.2,1,3,102.5
DS-UHPC-663,809,270,1079,0,0,177,21.6,0,0,0,0,0,0.164040778,1,23,1,1,0,13,0.2,1,7,91.8
DS-UHPC-664,800,267,1067,0,0,175,21.3,8,0,0,0,0,0.164011246,1,23,1,1,1,13,0.2,1,7,108.2
DS-UHPC-665,792,264,1056,0,0,173,21.1,15.84,0,0,0,0,0.163825758,1,23,1,1,1,13,0.2,1,7,119.9
DS-UHPC-666,784,261,1045,0,0,171,20.9,23.52,0,0,0,0,0.163636364,1,23,1,1,1,13,0.2,1,7,123.2
DS-UHPC-667,809,270,1079,0,0,177,21.6,0,0,0,0,0,0.164040778,1,23,1,1,0,13,0.2,1,28,104.6
DS-UHPC-668,800,267,1067,0,0,175,21.3,8,0,0,0,0,0.164011246,1,23,1,1,1,13,0.2,1,28,126.6
DS-UHPC-669,792,264,1056,0,0,173,21.1,15.84,0,0,0,0,0.163825758,1,23,1,1,1,13,0.2,1,28,145.7
DS-UHPC-67,1120,145,1120,0,0,228,21,2.8,0,105,0,0,0.180237154,1,23,1,1,1,12,0.3,1,28,120.6
DS-UHPC-670,784,261,1045,0,0,171,20.9,23.52,0,0,0,0,0.163636364,1,23,1,1,1,13,0.2,1,28,152
DS-UHPC-671,809,270,1079,0,0,177,21.6,0,0,0,0,0,0.164040778,1,23,1,1,0,13,0.2,1,90,109.1
DS-UHPC-672,800,267,1067,0,0,175,21.3,8,0,0,0,0,0.164011246,1,23,1,1,1,13,0.2,1,90,144.8
DS-UHPC-673,792,264,1056,0,0,173,21.1,15.84,0,0,0,0,0.163825758,1,23,1,1,1,13,0.2,1,90,156.3
DS-UHPC-674,784,261,1045,0,0,171,20.9,23.52,0,0,0,0,0.163636364,1,23,1,1,1,13,0.2,1,90,162.6
DS-UHPC-675,472,262,1049,0,0,178,21,0,0,315,0,0,0.242506812,1,23,1,1,0,0,0,1,7,89.5
DS-UHPC-676,472,262,1049,0,0,178,21,9.44,0,315,0,0,0.242506812,1,23,1,1,1,6,0.2,1,7,113.5
DS-UHPC-677,472,262,1049,0,0,178,21,9.44,0,315,0,0,0.242506812,1,23,1,1,1,8,0.2,1,7,116.4
DS-UHPC-678,472,262,1049,0,0,178,21,9.44,0,315,0,0,0.242506812,1,23,1,1,1,10,0.2,1,7,103.9
DS-UHPC-679,472,262,1049,0,0,178,21,9.44,0,315,0,0,0.242506812,1,23,1,1,1,11,0.2,1,7,99.1
DS-UHPC-68,1120,145,1120,0,0,228,21,5.6,0,105,0,0,0.180237154,1,23,1,1,1,12,0.3,1,28,127.9
DS-UHPC-680,472,262,1049,0,0,178,21,9.44,0,315,0,0,0.242506812,1,23,1,1,1,13,0.2,1,7,96.2
DS-UHPC-681,472,262,1049,0,0,178,21,0,0,315,0,0,0.242506812,1,23,1,1,0,0,0,1,28,92.4
DS-UHPC-682,472,262,1049,0,0,178,21,9.44,0,315,0,0,0.242506812,1,23,1,1,1,6,0.2,1,28,130.8
DS-UHPC-683,472,262,1049,0,0,178,21,9.44,0,315,0,0,0.242506812,1,23,1,1,1,8,0.2,1,28,138.5
DS-UHPC-684,472,262,1049,0,0,178,21,9.44,0,315,0,0,0.242506812,1,23,1,1,1,10,0.2,1,28,125.1
DS-UHPC-685,472,262,1049,0,0,178,21,9.44,0,315,0,0,0.242506812,1,23,1,1,1,11,0.2,1,28,121.2
DS-UHPC-686,472,262,1049,0,0,178,21,9.44,0,315,0,0,0.242506812,1,23,1,1,1,13,0.2,1,28,117.4
DS-UHPC-687,950,255,873,0,0,189,31,23.75,0,0,0,0,0.156846473,1,23,1,1,1,13,0.2,1,7,101
DS-UHPC-688,950,255,873,0,0,189,31,23.75,0,0,0,0,0.156846473,1,23,1,1,1,13,0.2,1,28,130.8
DS-UHPC-689,950,255,873,0,0,189,31,23.75,0,0,0,0,0.156846473,1,23,1,1,1,13,0.2,1,90,135.6
DS-UHPC-69,1120,145,1120,0,0,228,21,8.4,0,105,0,0,0.180237154,1,23,1,1,1,12,0.3,1,28,133.4
DS-UHPC-690,1277.4,95.8,664.6,0,0,198,42.15,38.322,0,0,0,0,0.144188756,1,23,1,1,1,13,0.16,1,56,208.8
DS-UHPC-691,591.9,24.7,1277.2,0,0,159.3,44,0,264.3,0,0,0,0.258352254,1,23,1,1,0,0,0,1,28,105.6
DS-UHPC-692,591.9,24.7,1277.2,0,0,159.3,44,0,264.3,0,0,0,0.258352254,1,23,1,1,0,0,0,1,91,105.6
DS-UHPC-693,606.4,25.3,1308.5,0,0,163.2,45.1,0,0,270.7,0,0,0.258350483,1,23,1,1,0,0,0,1,28,113.9
DS-UHPC-694,606.4,25.3,1308.5,0,0,163.2,45.1,0,0,270.7,0,0,0.258350483,1,23,1,1,0,0,0,1,91,113.9
DS-UHPC-695,883.9,25.5,1318.5,0,0,164.4,45.5,0,0,0,0,0,0.180778535,1,23,1,1,0,0,0,1,28,117.3
DS-UHPC-696,883.9,25.5,1318.5,0,0,164.4,45.5,0,0,0,0,0,0.180778535,1,23,1,1,0,0,0,1,91,117.3
DS-UHPC-697,657,119.4,1050,0,0,180.93,12.66,13.14,0,429.8,0,0,0.233037094,1,23,1,1,1,13,0.2,1,7,96.2
DS-UHPC-698,657,119.4,1050,0,0,180.93,12.66,13.14,0,429.8,0,0,0.233037094,1,23,1,1,1,13,0.2,1,28,118.3
DS-UHPC-699,657,119.4,1050,0,0,180.93,12.66,13.14,0,429.8,0,0,0.233037094,1,23,1,1,1,13,0.2,1,56,129.9
DS-UHPC-7,797.78,112.36,1123.63,0,0,224.73,28.09,7.9778,44.95,112.36,56.18,0,0.246918057,1,23,1,1,4,18,0.013,1,1,65.3
DS-UHPC-70,1120,145,1120,0,0,228,21,11.2,0,105,0,0,0.180237154,1,23,1,1,1,12,0.3,1,28,140.7
DS-UHPC-700,657,119.4,1050,0,0,180.93,12.66,13.14,0,429.8,0,0,0.233037094,1,23,1,1,1,13,0.2,1,91,133.7
DS-UHPC-701,960,240,960,0,0,174,24,76.8,0,0,0,0,0.145,1,23,1,1,1,13,0.18,1,3,70
DS-UHPC-702,960,240,960,0,0,174,24,76.8,0,0,0,0,0.145,1,23,1,1,1,13,0.18,1,7,78.9
DS-UHPC-703,960,240,960,0,0,174,24,76.8,0,0,0,0,0.145,1,23,1,1,1,13,0.18,1,28,106.1
DS-UHPC-704,960,240,960,0,0,207,24,76.8,0,0,0,0,0.1725,1,23,1,1,1,13,0.18,1,3,82.5
DS-UHPC-705,960,240,960,0,0,207,24,76.8,0,0,0,0,0.1725,1,23,1,1,1,13,0.18,1,7,115.1
DS-UHPC-706,960,240,960,0,0,207,24,76.8,0,0,0,0,0.1725,1,23,1,1,1,13,0.18,1,28,150.2
DS-UHPC-707,960,240,960,0,0,228,24,76.8,0,0,0,0,0.19,1,23,1,1,1,13,0.18,1,1,40.4
DS-UHPC-708,960,240,960,0,0,228,24,76.8,0,0,0,0,0.19,1,23,1,1,1,13,0.18,1,3,75.7
DS-UHPC-709,960,240,960,0,0,228,24,76.8,0,0,0,0,0.19,1,23,1,1,1,13,0.18,1,7,100.8
DS-UHPC-71,1120,145,1120,0,0,228,21,16.8,0,105,0,0,0.180237154,1,23,1,1,1,12,0.3,1,28,146.2
DS-UHPC-710,960,240,960,0,0,228,24,76.8,0,0,0,0,0.19,1,23,1,1,1,13,0.18,1,28,136.1
DS-UHPC-711,960,240,960,0,0,260,24,76.8,0,0,0,0,0.216666667,1,23,1,1,1,13,0.18,1,3,76
DS-UHPC-712,960,240,960,0,0,260,24,76.8,0,0,0,0,0.216666667,1,23,1,1,1,13,0.18,1,7,105.1
DS-UHPC-713,960,240,960,0,0,260,24,76.8,0,0,0,0,0.216666667,1,23,1,1,1,13,0.18,1,28,136.4
DS-UHPC-714,960,240,960,0,0,286,24,76.8,0,0,0,0,0.238333333,1,23,1,1,1,13,0.18,1,3,66.6
DS-UHPC-715,960,240,960,0,0,286,24,76.8,0,0,0,0,0.238333333,1,23,1,1,1,13,0.18,1,7,98.1
DS-UHPC-716,960,240,960,0,0,286,24,76.8,0,0,0,0,0.238333333,1,23,1,1,1,13,0.18,1,28,132.6
DS-UHPC-717,960,0,960,0,0,164,28,76.8,250,0,0,0,0.170833333,1,23,1,1,1,13,0.18,1,1,66.2
DS-UHPC-718,960,0,960,0,0,174,28,76.8,250,0,0,0,0.18125,1,23,1,1,1,13,0.18,1,1,63.7
DS-UHPC-719,960,0,960,0,0,183,28,76.8,250,0,0,0,0.190625,1,23,1,1,1,13,0.18,1,1,45.9
DS-UHPC-72,1120,145,1120,0,0,228,21,22.4,0,105,0,0,0.180237154,1,23,1,1,1,12,0.3,1,28,156.9
DS-UHPC-720,960,0,960,0,0,193,28,76.8,250,0,0,0,0.201041667,1,23,1,1,1,13,0.18,1,1,58.2
DS-UHPC-721,960,0,960,0,0,202,28,76.8,250,0,0,0,0.210416667,1,23,1,1,1,13,0.18,1,1,49.9
DS-UHPC-722,960,0,960,0,0,212,28,76.8,250,0,0,0,0.220833333,1,23,1,1,1,13,0.18,1,1,52.1
DS-UHPC-723,960,250,960,0,0,212,28,76.8,0,0,0,0,0.175206612,1,23,1,1,1,13,0.18,1,1,72.6
DS-UHPC-724,960,0,960,0,0,164,28,76.8,250,0,0,0,0.170833333,1,23,1,1,1,13,0.18,1,3,85
DS-UHPC-725,960,0,960,0,0,174,28,76.8,250,0,0,0,0.18125,1,23,1,1,1,13,0.18,1,3,79.7
DS-UHPC-726,960,0,960,0,0,183,28,76.8,250,0,0,0,0.190625,1,23,1,1,1,13,0.18,1,3,77
DS-UHPC-727,960,0,960,0,0,193,28,76.8,250,0,0,0,0.201041667,1,23,1,1,1,13,0.18,1,3,81
DS-UHPC-728,960,0,960,0,0,202,28,76.8,250,0,0,0,0.210416667,1,23,1,1,1,13,0.18,1,3,74.7
DS-UHPC-729,960,0,960,0,0,212,28,76.8,250,0,0,0,0.220833333,1,23,1,1,1,13,0.18,1,3,75.7
DS-UHPC-73,850,212.5,935,0,255,212.5,21.2,0,0,0,0,0,0.2,1,23,1,1,0,0,0,1,28,114.3
DS-UHPC-730,960,250,960,0,0,212,28,76.8,0,0,0,0,0.175206612,1,23,1,1,1,13,0.18,1,3,85.7
DS-UHPC-731,960,0,960,0,0,164,28,76.8,250,0,0,0,0.170833333,1,23,1,1,1,13,0.18,1,28,116.8
DS-UHPC-732,960,0,960,0,0,174,28,76.8,250,0,0,0,0.18125,1,23,1,1,1,13,0.18,1,28,113.8
DS-UHPC-733,960,0,960,0,0,183,28,76.8,250,0,0,0,0.190625,1,23,1,1,1,13,0.18,1,28,109.4
DS-UHPC-734,960,0,960,0,0,193,28,76.8,250,0,0,0,0.201041667,1,23,1,1,1,13,0.18,1,28,115.2
DS-UHPC-735,960,0,960,0,0,202,28,76.8,250,0,0,0,0.210416667,1,23,1,1,1,13,0.18,1,28,111.8
DS-UHPC-736,960,0,960,0,0,212,28,76.8,250,0,0,0,0.220833333,1,23,1,1,1,13,0.18,1,28,110.5
DS-UHPC-737,960,250,960,0,0,212,28,76.8,0,0,0,0,0.175206612,1,23,1,1,1,13,0.18,1,28,118.7
DS-UHPC-738,657,119,1013,0,0,185,40,13.14,0,418,0,0,0.238402062,1,23,1,1,1,13,0.2,1,2,60.7
DS-UHPC-739,657,119,1013,0,0,185,40,13.14,0,418,0,0,0.238402062,1,23,1,1,1,13,0.2,1,3,76.3
DS-UHPC-74,850,212.5,935,0,255,212.5,21.2,8.5,0,0,0,0,0.2,1,23,1,1,4,10,0.44,1,28,123
DS-UHPC-740,657,119,1013,0,0,185,40,13.14,0,418,0,0,0.238402062,1,23,1,1,1,13,0.2,1,5,94.3
DS-UHPC-741,657,119,1013,0,0,185,40,13.14,0,418,0,0,0.238402062,1,23,1,1,1,13,0.2,1,7,104.4
DS-UHPC-742,657,119,1013,0,0,185,40,13.14,0,418,0,0,0.238402062,1,23,1,1,1,13,0.2,1,14,118.6
DS-UHPC-743,657,119,1013,0,0,185,40,13.14,0,418,0,0,0.238402062,1,23,1,1,1,13,0.2,1,28,130.1
DS-UHPC-744,657,119,1013,0,0,185,40,13.14,0,418,0,0,0.238402062,1,23,1,1,1,13,0.2,1,60,145.1
DS-UHPC-745,657,119,1013,0,0,185,40,13.14,0,418,0,0,0.238402062,1,23,1,1,1,13,0.2,1,120,151.1
DS-UHPC-746,657,119,1013,0,0,185,40,13.14,0,418,0,0,0.238402062,1,23,1,1,1,13,0.2,1,150,153.8
DS-UHPC-747,657,119,1013,0,0,185,40,13.14,0,418,0,0,0.238402062,1,23,1,1,1,13,0.2,1,180,156
DS-UHPC-748,657,119,1013,0,0,185,40,13.14,0,418,0,0,0.238402062,1,23,1,1,1,13,0.2,1,360,163.9
DS-UHPC-749,1251.2,291.3,407.8,0,0,201.4,28.2,0,0,0,0,0,0.130567261,1,23,1,1,0,0,0,1,3,107.6
DS-UHPC-75,850,212.5,935,0,255,212.5,21.2,17,0,0,0,0,0.2,1,23,1,1,4,10,0.44,1,28,121.6
DS-UHPC-750,1251.2,291.3,407.8,0,0,201.4,28.2,0,0,0,0,0,0.130567261,1,23,1,1,0,0,0,1,7,119.5
DS-UHPC-751,1251.2,291.3,407.8,0,0,201.4,28.2,0,0,0,0,0,0.130567261,1,23,1,1,0,0,0,1,14,135.1
DS-UHPC-752,1251.2,291.3,407.8,0,0,201.4,28.2,0,0,0,0,0,0.130567261,1,23,1,1,0,0,0,1,28,141.3
DS-UHPC-753,1251.2,291.3,407.8,0,0,201.4,28.2,0,0,0,0,0,0.130567261,1,23,1,1,0,0,0,1,56,149.2
DS-UHPC-754,700,50,1104,0,0,180,30,0,150,0,0,0,0.24,1,23,1,1,0,13,0.2,1,28,102.4
DS-UHPC-755,700,50,1104,0,0,180,30,3.5,150,0,0,0,0.24,1,23,1,1,1,13,0.2,1,28,111.7
DS-UHPC-756,700,50,1104,0,0,180,30,7,150,0,0,0,0.24,1,23,1,1,1,13,0.2,1,28,138.3
DS-UHPC-757,700,50,1104,0,0,180,30,10.5,150,0,0,0,0.24,1,23,1,1,1,13,0.2,1,28,152.9
DS-UHPC-758,700,50,1104,0,0,180,30,14,150,0,0,0,0.24,1,23,1,1,1,13,0.2,1,28,156.1
DS-UHPC-759,700,50,1104,0,0,180,30,17.5,150,0,0,0,0.24,1,23,1,1,1,13,0.2,1,28,158.7
DS-UHPC-76,850,212.5,935,0,255,212.5,21.2,25.5,0,0,0,0,0.2,1,23,1,1,4,10,0.44,1,28,131.1
DS-UHPC-760,700,50,1104,0,0,180,30,0,150,0,0,0,0.24,1,23,1,1,0,13,0.2,1,7,91.7
DS-UHPC-761,700,50,1104,0,0,180,30,3.5,150,0,0,0,0.24,1,23,1,1,1,13,0.2,1,7,93.9
DS-UHPC-762,700,50,1104,0,0,180,30,7,150,0,0,0,0.24,1,23,1,1,1,13,0.2,1,7,96.2
DS-UHPC-763,700,50,1104,0,0,180,30,10.5,150,0,0,0,0.24,1,23,1,1,1,13,0.2,1,7,113
DS-UHPC-764,700,50,1104,0,0,180,30,14,150,0,0,0,0.24,1,23,1,1,1,13,0.2,1,7,115
DS-UHPC-765,700,50,1104,0,0,180,30,17.5,150,0,0,0,0.24,1,23,1,1,1,13,0.2,1,7,117.9
DS-UHPC-766,700,50,1104,0,0,180,30,0,150,0,0,0,0.24,1,23,1,1,0,13,0.2,1,1,55.7
DS-UHPC-767,700,50,1104,0,0,180,30,3.5,150,0,0,0,0.24,1,23,1,1,1,13,0.2,1,1,65.4
DS-UHPC-768,700,50,1104,0,0,180,30,7,150,0,0,0,0.24,1,23,1,1,1,13,0.2,1,1,74.2
DS-UHPC-769,700,50,1104,0,0,180,30,10.5,150,0,0,0,0.24,1,23,1,1,1,13,0.2,1,1,79
DS-UHPC-77,850,212.5,935,0,255,212.5,21.2,8.5,0,0,0,0,0.2,1,23,1,1,4,10,0.86,1,28,115.1
DS-UHPC-770,700,50,1104,0,0,180,30,14,150,0,0,0,0.24,1,23,1,1,1,13,0.2,1,1,84.2
DS-UHPC-771,700,50,1104,0,0,180,30,17.5,150,0,0,0,0.24,1,23,1,1,1,13,0.2,1,1,88.1
DS-UHPC-772,680.27,119.73,1462.59,0,0,160,9.59,0,0,0,0,0,0.2,1,23,1,1,0,0,0,1,28,60.8
DS-UHPC-773,640,160,1446.4,0,0,160,9.6,0,0,0,0,0,0.2,1,23,1,1,0,0,0,1,28,56
DS-UHPC-774,600.15,199.85,1434.36,0,0,160,9.6,0,0,0,0,0,0.2,1,23,1,1,0,0,0,1,28,58.5
DS-UHPC-775,680.27,119.73,1503.4,0,0,144,9.59,0,0,0,0,0,0.18,1,23,1,1,0,0,0,1,28,67.3
DS-UHPC-776,680.27,119.73,1421.77,0,0,176,9.59,0,0,0,0,0,0.22,1,23,1,1,0,0,0,1,28,54.8
DS-UHPC-777,680.27,119.73,1462.59,0,0,160,11.22,0,0,0,0,0,0.2,1,23,1,1,0,0,0,1,28,62.2
DS-UHPC-778,680.27,119.73,1469.39,0,0,160,8.03,0,0,0,0,0,0.2,1,23,1,1,0,0,0,1,28,58.1
DS-UHPC-779,765.31,134.69,1316.33,0,0,180,10.79,0,0,0,0,0,0.2,1,23,1,1,0,0,0,1,28,64.3
DS-UHPC-78,850,212.5,935,0,255,212.5,21.2,17,0,0,0,0,0.2,1,23,1,1,4,10,0.86,1,28,117.9
DS-UHPC-780,720,180,1303.2,0,0,180,10.8,0,0,0,0,0,0.2,1,23,1,1,0,0,0,1,28,67.1
DS-UHPC-781,675.17,224.83,1289.57,0,0,180,10.8,0,0,0,0,0,0.2,1,23,1,1,0,0,0,1,28,62.5
DS-UHPC-782,720,180,1353.6,0,0,162,10.8,0,0,0,0,0,0.18,1,23,1,1,0,0,0,1,28,70.1
DS-UHPC-783,720,180,1260,0,0,198,10.8,0,0,0,0,0,0.22,1,23,1,1,0,0,0,1,28,62.4
DS-UHPC-784,720,180,1296,0,0,180,12.6,0,0,0,0,0,0.2,1,23,1,1,0,0,0,1,28,68.4
DS-UHPC-785,720,180,1310.4,0,0,180,9,0,0,0,0,0,0.2,1,23,1,1,0,0,0,1,28,66.1
DS-UHPC-786,850.34,149.66,1173.47,0,0,200,11.99,0,0,0,0,0,0.2,1,23,1,1,0,0,0,1,28,70.2
DS-UHPC-787,800,200,1160,0,0,200,12,0,0,0,0,0,0.2,1,23,1,1,0,0,0,1,28,70.8
DS-UHPC-788,750.19,249.81,1140.29,0,0,200,12,0,0,0,0,0,0.2,1,23,1,1,0,0,0,1,28,66
DS-UHPC-789,850.34,149.66,1224.49,0,0,180,11.99,0,0,0,0,0,0.18,1,23,1,1,0,0,0,1,28,72.7
DS-UHPC-79,850,212.5,935,0,255,212.5,21.2,25.5,0,0,0,0,0.2,1,23,1,1,4,10,0.86,1,28,121.7
DS-UHPC-790,850.34,149.66,1122.45,0,0,220,11.99,0,0,0,0,0,0.22,1,23,1,1,0,0,0,1,28,67
DS-UHPC-791,850.34,149.66,1173.47,0,0,200,14.03,0,0,0,0,0,0.2,1,23,1,1,0,0,0,1,28,71.3
DS-UHPC-792,850.34,149.66,1181.97,0,0,200,10.03,0,0,0,0,0,0.2,1,23,1,1,0,0,0,1,28,67.9
DS-UHPC-793,680.27,119.73,1462.59,0,0,160,9.59,0,0,0,0,0,0.2,1,23,1,1,0,0,0,1,7,115
DS-UHPC-794,640,160,1446.4,0,0,160,9.6,0,0,0,0,0,0.2,1,23,1,1,0,0,0,1,7,109.6
DS-UHPC-795,600.15,199.85,1434.36,0,0,160,9.6,0,0,0,0,0,0.2,1,23,1,1,0,0,0,1,7,102.6
DS-UHPC-796,680.27,119.73,1503.4,0,0,144,9.59,0,0,0,0,0,0.18,1,23,1,1,0,0,0,1,7,119.8
DS-UHPC-797,680.27,119.73,1421.77,0,0,176,9.59,0,0,0,0,0,0.22,1,23,1,1,0,0,0,1,7,105.7
DS-UHPC-798,680.27,119.73,1462.59,0,0,160,11.22,0,0,0,0,0,0.2,1,23,1,1,0,0,0,1,7,117.7
DS-UHPC-799,680.27,119.73,1469.39,0,0,160,8.03,0,0,0,0,0,0.2,1,23,1,1,0,0,0,1,7,108.7
DS-UHPC-8,797.78,112.36,1123.63,0,0,224.73,28.09,7.9778,44.95,112.36,56.18,0,0.246918057,1,23,1,1,4,18,0.013,1,14,108.4
DS-UHPC-80,850,212.5,935,0,255,212.5,21.2,25.5,0,0,0,0,0.2,1,23,1,1,3,10,0.4,1,28,105.3
DS-UHPC-800,765.31,134.69,1316.33,0,0,180,10.79,0,0,0,0,0,0.2,1,23,1,1,0,0,0,1,7,118.8
DS-UHPC-801,720,180,1303.2,0,0,180,10.8,0,0,0,0,0,0.2,1,23,1,1,0,0,0,1,7,120.6
DS-UHPC-802,675.17,224.83,1289.57,0,0,180,10.8,0,0,0,0,0,0.2,1,23,1,1,0,0,0,1,7,119.7
DS-UHPC-803,720,180,1353.6,0,0,162,10.8,0,0,0,0,0,0.18,1,23,1,1,0,0,0,1,7,124.3
DS-UHPC-804,720,180,1260,0,0,198,10.8,0,0,0,0,0,0.22,1,23,1,1,0,0,0,1,7,119.3
DS-UHPC-805,720,180,1296,0,0,180,12.6,0,0,0,0,0,0.2,1,23,1,1,0,0,0,1,7,124
DS-UHPC-806,720,180,1310.4,0,0,180,9,0,0,0,0,0,0.2,1,23,1,1,0,0,0,1,7,122.3
DS-UHPC-807,850.34,149.66,1173.47,0,0,200,11.99,0,0,0,0,0,0.2,1,23,1,1,0,0,0,1,7,124
DS-UHPC-808,800,200,1160,0,0,200,12,0,0,0,0,0,0.2,1,23,1,1,0,0,0,1,7,123.5
DS-UHPC-809,750.19,249.81,1140.29,0,0,200,12,0,0,0,0,0,0.2,1,23,1,1,0,0,0,1,7,120.8
DS-UHPC-81,850,212.5,935,0,255,212.5,21.2,25.5,0,0,0,0,0.2,1,23,1,1,1,12,0.2,1,28,148.7
DS-UHPC-810,850.34,149.66,1224.49,0,0,180,11.99,0,0,0,0,0,0.18,1,23,1,1,0,0,0,1,7,128.9
DS-UHPC-811,850.34,149.66,1122.45,0,0,220,11.99,0,0,0,0,0,0.22,1,23,1,1,0,0,0,1,7,118.8
DS-UHPC-812,850.34,149.66,1173.47,0,0,200,14.03,0,0,0,0,0,0.2,1,23,1,1,0,0,0,1,7,126.2
DS-UHPC-813,850.34,149.66,1181.97,0,0,200,10.03,0,0,0,0,0,0.2,1,23,1,1,0,0,0,1,7,123.5
DS-UHPC-814,800,0,1471.3,0,0,160,21.6,0,0,0,0,0,0.2,1,23,1,1,0,0,0,1,1,72.9
DS-UHPC-815,800,0,1471.3,0,0,160,21.6,0,0,0,0,0,0.2,1,23,1,1,0,0,0,1,3,88.9
DS-UHPC-816,800,0,1471.3,0,0,160,21.6,0,0,0,0,0,0.2,1,23,1,1,0,0,0,1,7,94.4
DS-UHPC-817,800,0,1471.3,0,0,160,21.6,0,0,0,0,0,0.2,1,23,1,1,0,0,0,1,14,100.4
DS-UHPC-818,800,0,1471.3,0,0,160,21.6,0,0,0,0,0,0.2,1,23,1,1,0,0,0,1,28,104.7
DS-UHPC-819,800,0,1471.3,0,0,160,21.6,0,0,0,0,0,0.2,1,23,1,1,0,0,0,1,56,110.1
DS-UHPC-82,850,212.5,935,0,255,212.5,21.2,0,0,0,0,0,0.2,1,23,1,1,0,0,0,1,28,118.9
DS-UHPC-820,800,0,1471.3,0,0,160,21.6,0,0,0,0,0,0.2,1,23,1,1,0,0,0,1,90,116.7
DS-UHPC-821,720,80,1422.9,0,0,160,29.6,0,0,0,0,0,0.2,1,23,1,1,0,0,0,1,1,78.7
DS-UHPC-822,720,80,1422.9,0,0,160,29.6,0,0,0,0,0,0.2,1,23,1,1,0,0,0,1,3,87.7
DS-UHPC-823,720,80,1422.9,0,0,160,29.6,0,0,0,0,0,0.2,1,23,1,1,0,0,0,1,7,100.4
DS-UHPC-824,720,80,1422.9,0,0,160,29.6,0,0,0,0,0,0.2,1,23,1,1,0,0,0,1,14,111.6
DS-UHPC-825,720,80,1422.9,0,0,160,29.6,0,0,0,0,0,0.2,1,23,1,1,0,0,0,1,28,116.4
DS-UHPC-826,720,80,1422.9,0,0,160,29.6,0,0,0,0,0,0.2,1,23,1,1,0,0,0,1,56,119.8
DS-UHPC-827,720,80,1422.9,0,0,160,29.6,0,0,0,0,0,0.2,1,23,1,1,0,0,0,1,90,125.3
DS-UHPC-828,741,185,815,0,259,185,9,14.82,0,0,0,0,0.199784017,1,23,1,1,1,13,0.2,1,3,81.9
DS-UHPC-829,741,185,815,0,259,185,9,14.82,0,0,0,0,0.199784017,1,23,1,1,1,13,0.2,1,7,121.3
DS-UHPC-83,850,212.5,935,0,255,212.5,21.2,8.5,0,0,0,0,0.2,1,23,1,1,4,10,0.44,1,28,125.5
DS-UHPC-830,741,185,815,0,259,185,9,14.82,0,0,0,0,0.199784017,1,23,1,1,1,13,0.2,1,28,154.9
DS-UHPC-831,741,185,815,0,259,185,9,14.82,0,0,0,0,0.199784017,1,23,1,1,1,13,0.2,1,91,150.4
DS-UHPC-832,792,264,1056,0,0,173,21.1,15.84,0,0,0,0,0.163825758,1,23,1,1,1,13,0.2,1,3,99
DS-UHPC-833,634,264,1056,0,0,173,21.1,12.68,0,159,0,0,0.192650334,1,23,1,1,1,13,0.2,1,3,92.6
DS-UHPC-834,475,264,1056,0,0,173,21.1,9.5,0,317,0,0,0.234100135,1,23,1,1,1,13,0.2,1,3,99.1
DS-UHPC-835,317,264,1056,0,0,173,21.1,6.34,0,475,0,0,0.297762478,1,23,1,1,1,13,0.2,1,3,94.3
DS-UHPC-836,792,264,1056,0,0,173,21.1,15.84,0,0,0,0,0.163825758,1,23,1,1,1,13,0.2,1,3,99.8
DS-UHPC-837,634,264,1056,0,0,173,21.1,12.68,159,0,0,0,0.192650334,1,23,1,1,1,13,0.2,1,3,84.8
DS-UHPC-838,475,264,1056,0,0,173,21.1,9.5,317,0,0,0,0.234100135,1,23,1,1,1,13,0.2,1,3,81.1
DS-UHPC-839,317,264,1056,0,0,173,21.1,6.34,475,0,0,0,0.297762478,1,23,1,1,1,13,0.2,1,3,71.5
DS-UHPC-84,850,212.5,935,0,255,212.5,21.2,17,0,0,0,0,0.2,1,23,1,1,4,10,0.44,1,28,132.1
DS-UHPC-840,792,264,1056,0,0,173,21.1,15.84,0,0,0,0,0.163825758,1,23,1,1,1,13,0.2,1,7,119.4
DS-UHPC-841,634,264,1056,0,0,173,21.1,12.68,0,159,0,0,0.192650334,1,23,1,1,1,13,0.2,1,7,117.3
DS-UHPC-842,475,264,1056,0,0,173,21.1,9.5,0,317,0,0,0.234100135,1,23,1,1,1,13,0.2,1,7,119
DS-UHPC-843,317,264,1056,0,0,173,21.1,6.34,0,475,0,0,0.297762478,1,23,1,1,1,13,0.2,1,7,115.8
DS-UHPC-844,792,264,1056,0,0,173,21.1,15.84,0,0,0,0,0.163825758,1,23,1,1,1,13,0.2,1,7,119.7
DS-UHPC-845,634,264,1056,0,0,173,21.1,12.68,159,0,0,0,0.192650334,1,23,1,1,1,13,0.2,1,7,108.5
DS-UHPC-846,475,264,1056,0,0,173,21.1,9.5,317,0,0,0,0.234100135,1,23,1,1,1,13,0.2,1,7,102.6
DS-UHPC-847,317,264,1056,0,0,173,21.1,6.34,475,0,0,0,0.297762478,1,23,1,1,1,13,0.2,1,7,93.5
DS-UHPC-848,792,264,1056,0,0,173,21.1,15.84,0,0,0,0,0.163825758,1,23,1,1,1,13,0.2,1,28,143.6
DS-UHPC-849,634,264,1056,0,0,173,21.1,12.68,0,159,0,0,0.192650334,1,23,1,1,1,13,0.2,1,28,136.7
DS-UHPC-85,850,212.5,935,0,255,212.5,21.2,25.5,0,0,0,0,0.2,1,23,1,1,4,10,0.44,1,28,139.1
DS-UHPC-850,475,264,1056,0,0,173,21.1,9.5,0,317,0,0,0.234100135,1,23,1,1,1,13,0.2,1,28,138.9
DS-UHPC-851,317,264,1056,0,0,173,21.1,6.34,0,475,0,0,0.297762478,1,23,1,1,1,13,0.2,1,28,133.6
DS-UHPC-852,792,264,1056,0,0,173,21.1,15.84,0,0,0,0,0.163825758,1,23,1,1,1,13,0.2,1,28,144.4
DS-UHPC-853,634,264,1056,0,0,173,21.1,12.68,159,0,0,0,0.192650334,1,23,1,1,1,13,0.2,1,28,133.7
DS-UHPC-854,475,264,1056,0,0,173,21.1,9.5,317,0,0,0,0.234100135,1,23,1,1,1,13,0.2,1,28,139.2
DS-UHPC-855,317,264,1056,0,0,173,21.1,6.34,475,0,0,0,0.297762478,1,23,1,1,1,13,0.2,1,28,140.9
DS-UHPC-856,792,264,1056,0,0,173,21.1,15.84,0,0,0,0,0.163825758,1,23,1,1,1,13,0.2,1,91,156.5
DS-UHPC-857,634,264,1056,0,0,173,21.1,12.68,0,159,0,0,0.192650334,1,23,1,1,1,13,0.2,1,91,155.5
DS-UHPC-858,475,264,1056,0,0,173,21.1,9.5,0,317,0,0,0.234100135,1,23,1,1,1,13,0.2,1,91,156.1
DS-UHPC-859,317,264,1056,0,0,173,21.1,6.34,0,475,0,0,0.297762478,1,23,1,1,1,13,0.2,1,91,151.3
DS-UHPC-86,850,212.5,935,0,255,212.5,21.2,8.5,0,0,0,0,0.2,1,23,1,1,4,10,0.86,1,28,121.1
DS-UHPC-860,792,264,1056,0,0,173,21.1,15.84,0,0,0,0,0.163825758,1,23,1,1,1,13,0.2,1,91,156.8
DS-UHPC-861,634,264,1056,0,0,173,21.1,12.68,159,0,0,0,0.192650334,1,23,1,1,1,13,0.2,1,91,149.9
DS-UHPC-862,475,264,1056,0,0,173,21.1,9.5,317,0,0,0,0.234100135,1,23,1,1,1,13,0.2,1,91,154.3
DS-UHPC-863,317,264,1056,0,0,173,21.1,6.34,475,0,0,0,0.297762478,1,23,1,1,1,13,0.2,1,91,150
DS-UHPC-87,850,212.5,935,0,255,212.5,21.2,17,0,0,0,0,0.2,1,23,1,1,4,10,0.86,1,28,126.3
DS-UHPC-88,850,212.5,935,0,255,212.5,21.2,25.5,0,0,0,0,0.2,1,23,1,1,4,10,0.86,1,28,131.2
DS-UHPC-89,850,212.5,935,0,255,212.5,21.2,25.5,0,0,0,0,0.2,1,23,1,1,3,10,0.4,1,28,110.9
DS-UHPC-9,797.78,112.36,1123.63,0,0,224.73,28.09,7.9778,44.95,112.36,56.18,0,0.246918057,1,23,1,1,4,18,0.013,1,28,120.9
DS-UHPC-90,850,212.5,935,0,255,212.5,21.2,25.5,0,0,0,0,0.2,1,23,1,1,1,12,0.2,1,28,159.1
DS-UHPC-91,850,212.5,935,0,255,212.5,21.2,0,0,0,0,0,0.2,1,23,1,1,0,0,0,1,28,123.2
DS-UHPC-92,850,212.5,935,0,255,212.5,21.2,8.5,0,0,0,0,0.2,1,23,1,1,4,10,0.44,1,28,127.4
DS-UHPC-93,850,212.5,935,0,255,212.5,21.2,17,0,0,0,0,0.2,1,23,1,1,4,10,0.44,1,28,143
DS-UHPC-94,850,212.5,935,0,255,212.5,21.2,25.5,0,0,0,0,0.2,1,23,1,1,4,10,0.44,1,28,147.2
DS-UHPC-95,850,212.5,935,0,255,212.5,21.2,8.5,0,0,0,0,0.2,1,23,1,1,4,10,0.86,1,28,128
DS-UHPC-96,850,212.5,935,0,255,212.5,21.2,17,0,0,0,0,0.2,1,23,1,1,4,10,0.86,1,28,135.8
DS-UHPC-97,850,212.5,935,0,255,212.5,21.2,25.5,0,0,0,0,0.2,1,23,1,1,4,10,0.86,1,28,140.8
DS-UHPC-98,850,212.5,935,0,255,212.5,21.2,25.5,0,0,0,0,0.2,1,23,1,1,3,10,0.4,1,28,116.5
DS-UHPC-99,850,212.5,935,0,255,212.5,21.2,25.5,0,0,0,0,0.2,1,23,1,1,1,12,0.2,1,28,169.1
MA1-28,805,224,971,0,0,195,15,0,0,0,0,0,0.189504373,1,23,1,1,0,0,0,1,28,110
MA1-7,805,224,971,0,0,195,15,0,0,0,0,0,0.189504373,1,23,1,1,0,0,0,1,7,89.5
MA2-28,805,224,971,0,0,195,15,0,0,0,0,0,0.189504373,2,90,1,1,0,0,0,1,28,130
MA2-7,805,224,971,0,0,195,15,0,0,0,0,0,0.189504373,2,90,1,1,0,0,0,1,7,100
UHPC-1,955,239,1051,0,0,143,15,0,0,0,0,0,0.12,1,20,5,2,0,0,0,1,28,170
UHPC-1-1,955,220,1051,0,372,162,18,0,0,0,0,0,0.138211382,2,90,5,2,0,0,0,1,28,270
UHPC-1-2,955,239,1051,0,0,162,15,167,0,0,0,0,0.136,1,20,5,2,1,12,0.18,1,28,270
UHPC-1-3,955,220,1051,0,372,181,18,167,0,0,0,0,0.154471545,2,90,5,2,1,12,0.18,1,28,260
UHPC-17-1,750,158,444,0,662,189,37.5,0,0,0,0,0,0.20814978,1,20,4,1,0,0,0,1,28,145.9
UHPC-17-10,750,158,444,0,662,189,37.5,0,0,0,0,0,0.20814978,1,20,4,1,0,0,0,1,28,145.2
UHPC-17-11,750,158,444,0,662,189,37.5,0,0,0,0,0,0.20814978,1,20,4,1,0,0,0,1,28,140.7
UHPC-17-12,750,158,444,0,662,189,37.5,0,0,0,0,0,0.20814978,2,105,4,1,0,0,0,1,28,184.2
UHPC-17-13,750,158,444,0,662,189,37.5,0,0,0,0,0,0.20814978,2,105,4,1,0,0,0,1,28,160.7
UHPC-17-2,750,158,444,0,662,189,37.5,0,0,0,0,0,0.20814978,1,20,4,1,0,0,0,1,28,125
UHPC-17-3,750,158,444,0,662,189,37.5,0,0,0,0,0,0.20814978,1,20,4,1,0,0,0,1,28,135.4
UHPC-17-4,750,158,444,0,662,189,37.5,0,0,0,0,0,0.20814978,1,20,4,1,0,0,0,1,28,131.9
UHPC-17-5,750,158,444,0,662,189,37.5,0,0,0,0,0,0.20814978,1,20,4,1,0,0,0,1,28,145.9
UHPC-17-6,750,158,444,0,662,189,37.5,0,0,0,0,0,0.20814978,1,20,4,1,0,0,0,1,28,138.8
UHPC-17-7,750,158,444,0,662,189,37.5,0,0,0,0,0,0.20814978,1,20,4,1,0,0,0,1,28,148.2
UHPC-17-8,750,158,444,0,662,189,37.5,0,0,0,0,0,0.20814978,1,20,4,1,0,0,0,1,28,145.2
UHPC-17-9,750,158,444,0,662,189,37.5,0,0,0,0,0,0.20814978,1,20,4,1,0,0,0,1,28,157.8
UHPC-21,884.3,221.1,1105.4,0,0,148.2,27.6,150,0,0,0,0,0.134069115,2,80,1,1,1,13,0.23,1,7,236.8
UHPC-23-1,920,258,1030,0,0,235.6,30.6,0,0,0,0,0,0.2,2,90,1,1,2,0,0,1,7,118
UHPC-23-10,920,258,1030,0,0,235.6,30.6,276,0,0,0,0,0.2,2,90,1,1,2,18,0.15,1,7,113
UHPC-23-2,920,258,1030,0,0,235.6,30.6,92,0,0,0,0,0.2,2,90,1,1,2,6,0,1,7,120
UHPC-23-3,920,258,1030,0,0,235.6,30.6,184,0,0,0,0,0.2,2,90,1,1,2,6,0.15,1,7,115
UHPC-23-4,920,258,1030,0,0,235.6,30.6,276,0,0,0,0,0.2,2,90,1,1,2,6,0.15,1,7,117
UHPC-23-5,920,258,1030,0,0,235.6,30.6,92,0,0,0,0,0.2,2,90,1,1,2,12,0.15,1,7,125
UHPC-23-6,920,258,1030,0,0,235.6,30.6,184,0,0,0,0,0.2,2,90,1,1,2,12,0.15,1,7,116
UHPC-23-7,920,258,1030,0,0,235.6,30.6,276,0,0,0,0,0.2,2,90,1,1,2,12,0.15,1,7,119
UHPC-23-8,920,258,1030,0,0,235.6,30.6,92,0,0,0,0,0.2,2,90,1,1,2,18,0.15,1,7,134
UHPC-23-9,920,258,1030,0,0,235.6,30.6,184,0,0,0,0,0.2,2,90,1,1,2,18,0.15,1,7,126
UHPC-29-1,696,104,1479,0,0,160,6.4,0,0,0,0,0,0.2,1,23,7,3,0,0,0,1,7,62
UHPC-29-10,750,150,1315,0,0,180,7.2,0,0,0,0,0,0.2,1,23,7,3,0,0,0,1,28,140
UHPC-29-11,720,180,1298,0,0,180,7.2,0,0,0,0,0,0.2,1,23,7,3,0,0,0,1,7,60
UHPC-29-12,720,180,1298,0,0,180,7.2,0,0,0,0,0,0.2,1,23,7,3,0,0,0,1,28,120
UHPC-29-13,870,131,1185,0,0,200,8,0,0,0,0,0,0.1998002,1,23,7,3,0,0,0,1,7,75
UHPC-29-14,870,131,1185,0,0,200,8,0,0,0,0,0,0.1998002,1,23,7,3,0,0,0,1,28,142
UHPC-29-15,833,167,1166,0,0,200,8,0,0,0,0,0,0.2,1,23,7,3,0,0,0,1,7,73
UHPC-29-16,833,167,1166,0,0,200,8,0,0,0,0,0,0.2,1,23,7,3,0,0,0,1,28,139
UHPC-29-17,800,200,1148,0,0,200,8,0,0,0,0,0,0.2,1,23,7,3,0,0,0,1,7,68
UHPC-29-18,800,200,1148,0,0,200,8,0,0,0,0,0,0.2,1,23,7,3,0,0,0,1,28,125
UHPC-29-19,696,104,1522,0,0,144,6.4,0,0,0,0,0,0.18,1,23,7,3,0,0,0,1,7,70
UHPC-29-2,696,104,1479,0,0,160,6.4,0,0,0,0,0,0.2,1,23,7,3,0,0,0,1,28,126
UHPC-29-20,696,104,1522,0,0,144,6.4,0,0,0,0,0,0.18,1,23,7,3,0,0,0,1,28,133
UHPC-29-21,696,104,1437,0,0,176,6.4,0,0,0,0,0,0.22,1,23,7,3,0,0,0,1,7,60
UHPC-29-22,696,104,1437,0,0,176,6.4,0,0,0,0,0,0.22,1,23,7,3,0,0,0,1,28,115
UHPC-29-23,696,104,1481,0,0,160,5.6,0,0,0,0,0,0.2,1,23,7,3,0,0,0,1,7,62
UHPC-29-24,696,104,1481,0,0,160,5.6,0,0,0,0,0,0.2,1,23,7,3,0,0,0,1,28,125
UHPC-29-25,696,104,1477,0,0,160,7.2,0,0,0,0,0,0.2,1,23,7,3,0,0,0,1,7,63
UHPC-29-26,696,104,1477,0,0,160,7.2,0,0,0,0,0,0.2,1,23,7,3,0,0,0,1,28,128
UHPC-29-27,750,150,1362,0,0,162,7.2,0,0,0,0,0,0.18,1,23,7,3,0,0,0,1,7,80
UHPC-29-28,750,150,1362,0,0,162,7.2,0,0,0,0,0,0.18,1,23,7,3,0,0,0,1,28,142
UHPC-29-29,750,150,1267,0,0,198,7.2,0,0,0,0,0,0.22,1,23,7,3,0,0,0,1,7,75
UHPC-29-3,667,133,1463,0,0,160,6.4,0,0,0,0,0,0.2,1,23,7,3,0,0,0,1,7,55
UHPC-29-30,750,150,1267,0,0,198,7.2,0,0,0,0,0,0.22,1,23,7,3,0,0,0,1,28,128
UHPC-29-31,750,150,1317,0,0,180,6.3,0,0,0,0,0,0.2,1,23,7,3,0,0,0,1,7,76
UHPC-29-32,750,150,1317,0,0,180,6.3,0,0,0,0,0,0.2,1,23,7,3,0,0,0,1,28,134
UHPC-29-33,750,150,1312,0,0,180,8.1,0,0,0,0,0,0.2,1,23,7,3,0,0,0,1,7,80
UHPC-29-34,750,150,1312,0,0,180,8.1,0,0,0,0,0,0.2,1,23,7,3,0,0,0,1,28,135
UHPC-29-35,870,131,1238,0,0,180,8,0,0,0,0,0,0.17982018,1,23,7,3,0,0,0,1,7,80
UHPC-29-36,870,131,1238,0,0,180,8,0,0,0,0,0,0.17982018,1,23,7,3,0,0,0,1,28,148
UHPC-29-37,870,131,1132,0,0,220,8,0,0,0,0,0,0.21978022,1,23,7,3,0,0,0,1,7,73
UHPC-29-38,870,131,1132,0,0,220,8,0,0,0,0,0,0.21978022,1,23,7,3,0,0,0,1,28,141
UHPC-29-39,870,131,1188,0,0,200,7,0,0,0,0,0,0.1998002,1,23,7,3,0,0,0,1,7,84
UHPC-29-4,667,133,1463,0,0,160,6.4,0,0,0,0,0,0.2,1,23,7,3,0,0,0,1,28,120
UHPC-29-40,870,131,1188,0,0,200,7,0,0,0,0,0,0.1998002,1,23,7,3,0,0,0,1,28,140
UHPC-29-41,870,131,1183,0,0,200,9,0,0,0,0,0,0.1998002,1,23,7,3,0,0,0,1,7,72
UHPC-29-42,870,131,1183,0,0,200,9,0,0,0,0,0,0.1998002,1,23,7,3,0,0,0,1,28,145
UHPC-29-5,640,160,1448,0,0,160,6.4,0,0,0,0,0,0.2,1,23,7,3,0,0,0,1,7,53
UHPC-29-6,640,160,1448,0,0,160,6.4,0,0,0,0,0,0.2,1,23,7,3,0,0,0,1,28,119
UHPC-29-7,783,117,1333,0,0,180,7.2,0,0,0,0,0,0.2,1,23,7,3,0,0,0,1,7,70
UHPC-29-8,783,117,1333,0,0,180,7.2,0,0,0,0,0,0.2,1,23,7,3,0,0,0,1,28,135
UHPC-29-9,750,150,1315,0,0,180,7.2,0,0,0,0,0,0.2,1,23,7,3,0,0,0,1,7,73
UHPC-5-1,940,0,924,0,0,263,23.5,190,0,0,0,0,0.279787234,1,23,2,1,1,13,0.25,2,7,47.9
UHPC-5-10,890,222,799,0,0,222,29.6,119,0,0,0,0,0.199640288,2,250,2,1,1,13,0.25,1,7,146.1
UHPC-5-101,890,222,799,0,0,222,29.6,119,0,0,0,0,0.199640288,2,250,2,1,1,13,0.25,1,28,165.6
UHPC-5-2,710,230,844,0,0,263,14.8,190,0,0,0,0,0.279787234,1,23,2,1,1,13,0.25,2,7,47.5
UHPC-5-3,852,276,535,0,0,315,16,189,0,0,0,0,0.279255319,1,23,2,1,1,13,0.25,2,7,48.8
UHPC-5-31,852,276,535,0,0,315,16,189,0,0,0,0,0.279255319,1,23,2,1,1,13,0.25,2,28,63.5
UHPC-5-4,852,276,535,0,0,315,16,189,0,0,0,0,0.279255319,2,50,2,1,1,13,0.25,2,7,58.1
UHPC-5-41,852,276,535,0,0,315,16,189,0,0,0,0,0.279255319,2,50,2,1,1,13,0.25,2,28,66.6
UHPC-5-5,890,222,793,0,0,245,24.7,0,0,0,0,0,0.220323741,2,50,2,1,0,0,0,1,7,97.1
UHPC-5-51,890,222,793,0,0,245,24.7,0,0,0,0,0,0.220323741,2,50,2,1,0,0,0,1,28,112.1
UHPC-5-6,890,222,793,0,0,245,24.7,0,0,0,0,0,0.220323741,2,50,2,1,0,0,0,1,7,93.5
UHPC-5-61,890,222,793,0,0,245,24.7,0,0,0,0,0,0.220323741,2,50,2,1,0,0,0,1,28,104.8
UHPC-5-7,1067,267,498,0,0,294,17.3,0,0,0,0,0,0.220389805,2,250,2,1,0,0,0,1,7,97.1
UHPC-5-71,1067,267,498,0,0,294,17.3,0,0,0,0,0,0.220389805,2,250,2,1,0,0,0,1,28,118
UHPC-5-8,890,222,837,0,0,222,29.6,0,0,0,0,0,0.199640288,1,23,2,1,0,0,0,1,7,89.9
UHPC-5-81,890,222,837,0,0,222,29.6,0,0,0,0,0,0.199640288,1,23,2,1,0,0,0,1,28,122.4
UHPC-5-9,890,222,837,0,0,222,29.6,0,0,0,0,0,0.199640288,2,250,2,1,0,0,0,1,7,138.6
UHPC-5-91,890,222,837,0,0,222,29.6,0,0,0,0,0,0.199640288,2,250,2,1,0,0,0,1,28,161.9
